name,link
Chicken Tikka Masala,https://www.food.com/recipe/chicken-tikka-masala-25587
Naan,https://www.food.com/recipe/naan-203261
Chicken Curry,https://www.food.com/recipe/chicken-curry-in-a-hurry-29301
Aloo Gobi,https://www.food.com/recipe/aloo-gobi-84324
Crock Pot Chicken Vindaloo,https://www.food.com/recipe/crock-pot-chicken-vindaloo-24139
Sweet Potato Curry With Spinach and Chickpeas,https://www.food.com/recipe/sweet-potato-curry-with-spinach-and-chickpeas-84474
Channa Masala,https://www.food.com/recipe/channa-masala-17471
Chicken Makhani (Indian Butter Chicken),https://www.food.com/recipe/chicken-makhani-indian-butter-chicken-97573
Spicy Shrimp Coconut Milk,https://www.food.com/recipe/spicy-shrimp-in-coconut-milk-22164
Palak Paneer (Indian Fresh Spinach With Paneer Cheese),https://www.food.com/recipe/palak-paneer-indian-fresh-spinach-with-paneer-cheese-25348
"Chicken, Rice, and Spices Bake",https://www.food.com/recipe/chicken-rice-and-spices-bake-105104
Indian Butter Chicken,https://www.food.com/recipe/indian-butter-chicken-86753
Curry Chicken,https://www.food.com/recipe/curry-chicken-81591
Super Easy Naan Bread,https://www.food.com/recipe/super-easy-naan-bread-350443
Cashew Chicken Curry,https://www.food.com/recipe/cashew-chicken-curry-120810
Chole,https://www.food.com/recipe/i-cant-wait-for-chole-25632
Pita Bread,https://www.food.com/recipe/pita-bread-16831
Tandoori Style Chicken,https://www.food.com/recipe/tandoori-style-chicken-83276
Chickpea Curry (Garbanzos),https://www.food.com/recipe/chickpea-curry-garbanzos-25360
Curried Chickpeas and Black Beans-Low Fat,https://www.food.com/recipe/curried-chickpeas-and-black-beans-low-fat-73679
Dal Curry (curried lentils),https://www.food.com/recipe/carols-dal-curry-curried-lentils-8935
Indian Lamb Curry,https://www.food.com/recipe/indian-lamb-curry-27864
Crescent Samosa,https://www.food.com/recipe/easy-crescent-samosa-indian-style-sandwiches-26958
Indian Samosa,https://www.food.com/recipe/indian-samosa-15348
Lentil Dal,https://www.food.com/recipe/lentil-dal-456
Indian Spiced Rice,https://www.food.com/recipe/indian-spiced-rice-21855
Indian Lentil Soup (Dal Shorva),https://www.food.com/recipe/indian-lentil-soup-dal-shorva-132397
Aloo Palak (Indian Potatoes & Spinach),https://www.food.com/recipe/aloo-palak-indian-potatoes-spinach-108787
Butter Chicken,https://www.food.com/recipe/butter-chicken-22525
Tandoori Chicken,https://www.food.com/recipe/restaurant-style-tandoori-chicken-in-the-oven-327824
Chickpeas and Rice,https://www.food.com/recipe/chickpeas-and-rice-195593
Indian Cucumber Salad,https://www.food.com/recipe/indian-cucumber-salad-172618
Leftover Lamb Curry,https://www.food.com/recipe/leftover-lamb-curry-102312
Mattar Paneer,https://www.food.com/recipe/mattar-paneer-85853
Chicken Vindaloo,https://www.food.com/recipe/chicken-vindaloo-177572
Indian Butter Chicken,https://www.food.com/recipe/restaurant-style-indian-butter-chicken-chicken-makhani-206608
Aloo Gobi - Cauliflower and Potatoes,https://www.food.com/recipe/aloo-gobi-cauliflower-and-potatoes-17382
Ginger Yogurt,https://www.food.com/recipe/ginger-yogurt-172725
"Lentils, garlic and tomatoes",https://www.food.com/recipe/lentils-garlic-and-tomatoes-16666
Saag Chicken,https://www.food.com/recipe/saag-chicken-100674
Broccoli Dal Curry,https://www.food.com/recipe/broccoli-dal-curry-76768
Naan Bread,https://www.food.com/recipe/madhur-jaffreys-naan-bread-446809
Creamy Chickpea Curry,https://www.food.com/recipe/creamy-chickpea-curry-205289
Black-Eyed Pea Masala,https://www.food.com/recipe/black-eyed-pea-masala-116878
Easy Naan (Bread Machine),https://www.food.com/recipe/easy-naan-bread-machine-41503
Curried Poached Eggs,https://www.food.com/recipe/curried-poached-eggs-24685
Coriander Lemon Chicken,https://www.food.com/recipe/coriander-lemon-chicken-57908
American Indian Fry Bread,https://www.food.com/recipe/american-indian-fry-bread-50765
masala chai (indian spiced tea),https://www.food.com/recipe/masala-chai-indian-spiced-tea-65265
Traditional Naan Bread,https://www.food.com/recipe/naan-56245
Coconut muffins,https://www.food.com/recipe/coconut-muffins-46949
Aloo Matar Ka Pulao ( Indian Rice With Potatoes and Peas ),https://www.food.com/recipe/aloo-matar-ka-pulao-indian-rice-with-potatoes-and-peas-172775
Saffron Rice,https://www.food.com/recipe/saffron-rice-55617
Tikka Masala,https://www.food.com/recipe/gordon-ramsays-tikka-masala-346344
Cabbage and Potato Fry,https://www.food.com/recipe/cabbage-and-potato-fry-104861
Grilled Chicken Tikka,https://www.food.com/recipe/grilled-chicken-tikka-92494
Indian Kadai Chicken,https://www.food.com/recipe/indian-kadai-chicken-72321
Indian Rice Pudding,https://www.food.com/recipe/indian-rice-pudding-130055
Chicken Korma,https://www.food.com/recipe/chicken-korma-13000
Garbanzo Beans (Chole),https://www.food.com/recipe/garbanzo-beans-chole-91128
Low Fat Red Pepper Hummus,https://www.food.com/recipe/low-fat-red-pepper-hummus-69639
Naan (Indian Flat Bread),https://www.food.com/recipe/naan-indian-flat-bread-60449
West Indian Pumpkin Soup,https://www.food.com/recipe/west-indian-pumpkin-soup-80044
Brinjal (Eggplant) Curry,https://www.food.com/recipe/brinjal-eggplant-curry-239485
Indian Masala Chai,https://www.food.com/recipe/indian-masala-chai-190932
Easy Pilau Rice,https://www.food.com/recipe/easy-pilau-rice-55802
Pineapple Fried Rice from Cooked (Leftover) Rice and Chicken,https://www.food.com/recipe/pineapple-fried-rice-from-cooked-leftover-rice-and-chicken-28005
Chicken Curry,https://www.food.com/recipe/moms-chicken-curry-231908
Easy Mango Chicken,https://www.food.com/recipe/easy-mango-chicken-18663
Cardamom Lassi,https://www.food.com/recipe/cardamom-lassi-172508
Pumpkin Curry,https://www.food.com/recipe/pumpkin-curry-45441
Bread Machine Naan,https://www.food.com/recipe/bread-machine-naan-98512
Mattar Paneer - Indian Peas with Paneer Cheese,https://www.food.com/recipe/mattar-paneer-indian-peas-with-paneer-cheese-82641
Beef Keema,https://www.food.com/recipe/beef-keema-76665
Tandoori  Sweet Potatoes,https://www.food.com/recipe/tasty-tandoori-sweet-potatoes-415193
Chicken Thighs with Lime and Curry,https://www.food.com/recipe/chicken-thighs-with-lime-and-curry-29920
Mango Chutney,https://www.food.com/recipe/mango-chutney-23146
Lamb Curry,https://www.food.com/recipe/lamb-curry-22275
No-yeast Naan bread,https://www.food.com/recipe/no-yeast-naan-bread-21155
Indian Sunflower Cookies,https://www.food.com/recipe/indian-sunflower-cookies-168867
Rogan Josh,https://www.food.com/recipe/rogan-josh-211487
Hot Madras Curry Powder,https://www.food.com/recipe/hot-madras-curry-powder-174350
Gajar Halva (Carrot Pudding  -  an Indian Dessert),https://www.food.com/recipe/gajar-halva-carrot-pudding-an-indian-dessert-101085
Egg Curry,https://www.food.com/recipe/egg-curry-87845
Kashmir Lamb With Spinach,https://www.food.com/recipe/kashmir-lamb-with-spinach-96621
Indian Chicken Curry,https://www.food.com/recipe/indian-chicken-curry-86397
Vegetable Korma,https://www.food.com/recipe/vegetable-korma-83491
Fruit Lassi,https://www.food.com/recipe/fruit-lassi-63356
Chicken Tikka Masala,https://www.food.com/recipe/angelas-chicken-tikka-masala-58584
Cucumber Raita,https://www.food.com/recipe/cucumber-raita-47590
Chicken Curry,https://www.food.com/recipe/chicken-curry-27383
Saffron Chicken,https://www.food.com/recipe/saffron-chicken-21607
Carrot Rice with Peanuts,https://www.food.com/recipe/carrot-rice-with-peanuts-15656
Slow Cooker Chicken Tikka Masala,https://www.food.com/recipe/slow-cooker-chicken-tikka-masala-484232
Spicy Chicken,https://www.food.com/recipe/spicy-chicken-47156
Just Right Spinach & Chickpea Curry (Vegan) - Chole Palak,https://www.food.com/recipe/just-right-spinach-chickpea-curry-vegan-chole-palak-397640
Soft Bread Machine Naan,https://www.food.com/recipe/bread-machine-naan-270882
Oil Pastry,https://www.food.com/recipe/perfect-oil-pastry-171806
Spiced Indian Cabbage,https://www.food.com/recipe/spiced-indian-cabbage-161212
Spicy Indian Grilled Chicken,https://www.food.com/recipe/spicy-indian-grilled-chicken-123287
Indian Fry Bread,https://www.food.com/recipe/indian-fry-bread-117388
Shrimp Vindaloo,https://www.food.com/recipe/shrimp-vindaloo-92346
Balti Butter Chicken,https://www.food.com/recipe/balti-butter-chicken-8984
Nutty Basmati Pilaf,https://www.food.com/recipe/nutty-basmati-pilaf-57609
Butternut Squash Coconut Curry,https://www.food.com/recipe/butternut-squash-coconut-curry-391281
Aloo Matar,https://www.food.com/recipe/aloo-matar-220883
Ground Lamb,https://www.food.com/recipe/nordic-moon-ranchs-most-excellent-ground-lamb-101018
Indian Spiced Omelet,https://www.food.com/recipe/indian-spiced-omelet-98927
Palak Paneer,https://www.food.com/recipe/i-love-palak-paneer-spinach-and-cheese-curry-383454
Easy Chicken Tandoori,https://www.food.com/recipe/easy-chicken-tandoori-38203
Mini Garlic Naan,https://www.food.com/recipe/mini-garlic-naan-140376
Chai Oatmeal,https://www.food.com/recipe/chai-oatmeal-128959
Kheer,https://www.food.com/recipe/kheer-the-worlds-yummiest-one-57247
Pineapple Ghost Chili Sauce,https://www.food.com/recipe/pineapple-ghost-chili-sauce-438373
Spicy Lentil Soup,https://www.food.com/recipe/have-mercy-on-me-spicy-lentil-soup-with-crock-pot-instructions-264839
Indian Beef Madras Curry,https://www.food.com/recipe/indian-beef-madras-curry-259669
Cauliflower Curry,https://www.food.com/recipe/cauliflower-curry-24856
The Best Biryani,https://www.food.com/recipe/the-best-biryani-177830
Samosas,https://www.food.com/recipe/samosas-117455
Cashew Chicken Fingers With Curry Mayonnaise,https://www.food.com/recipe/cashew-chicken-fingers-with-curry-mayonnaise-116491
Rogan Josh Stew,https://www.food.com/recipe/rogan-josh-6584
Phall (The Hottest Curry of All!),https://www.food.com/recipe/phall-the-hottest-curry-of-all-61187
Spicy Chai Tea,https://www.food.com/recipe/spicy-chai-tea-47605
Saffron Rice,https://www.food.com/recipe/saffron-rice-47592
Mango Peach Chutney,https://www.food.com/recipe/mango-peach-chutney-47554
Ghost Pepper Jelly!,https://www.food.com/recipe/ghost-pepper-jelly-438888
Spicy Indian Beef Curry,https://www.food.com/recipe/spicy-indian-beef-curry-351311
Masala Omelett,https://www.food.com/recipe/nigellas-masala-omelett-350836
Easy Curried Yellow Dal (Yellow Split Peas),https://www.food.com/recipe/easy-curried-yellow-dal-yellow-split-peas-313513
Pearl (Israeli) Couscous With Garam Masala and Pine Nuts,https://www.food.com/recipe/pearl-israeli-couscous-with-garam-masala-and-pine-nuts-278742
Indian Chana Masala,https://www.food.com/recipe/indian-chana-masala-266068
Indian Saag Paneer (Low Fat Cheese With Spinach),https://www.food.com/recipe/indian-saag-paneer-low-fat-cheese-with-spinach-247686
Indian Chicken Makhani,https://www.food.com/recipe/chicken-makhani-indian-butter-chicken-234639
Chicken Curry,https://www.food.com/recipe/chicken-curry-159
Baked Fish/ Cod Tomato sauce,https://www.food.com/recipe/baked-king-fish-cod-in-tomato-sauce-86892
Akoori - Scrambled Eggs (Parsi),https://www.food.com/recipe/akoori-scrambled-eggs-parsi-82546
Indian-Style Potatoes - Khatta Aloo,https://www.food.com/recipe/indian-style-potatoes-khatta-aloo-61826
Soft Gluten Free Naan Bread (Indian Flatbread),https://www.food.com/recipe/soft-gluten-free-naan-bread-indian-flatbread-499068
Chicken Curry Recipe,https://www.food.com/recipe/mrs-chittalurus-family-authentic-indian-chicken-curry-recipe-466827
Original Indian Naan Bread,https://www.food.com/recipe/original-indian-naan-bread-446017
Chappatis (Roti),https://www.food.com/recipe/chappatis-roti-39198
Chai Tea from Scratch,https://www.food.com/recipe/chai-tea-from-scratch-220853
Golden Basmati Rice,https://www.food.com/recipe/golden-basmati-rice-208095
East Indian Chopped Vegetable Salad,https://www.food.com/recipe/east-indian-chopped-vegetable-salad-207599
Chicken Bhuna Masala - a Chicken Curry,https://www.food.com/recipe/chicken-bhuna-masala-a-chicken-curry-177155
Divine Semolina Dessert - Suji Halva,https://www.food.com/recipe/divine-semolina-dessert-suji-halva-141371
Raita,https://www.food.com/recipe/jims-raita-137164
County Fair Indian Tacos,https://www.food.com/recipe/county-fair-indian-tacos-109493
Curried Lentil Loaf,https://www.food.com/recipe/curried-lentil-loaf-86133
Lamb Saag,https://www.food.com/recipe/lamb-saag-66781
Spicy Mushrooms With Ginger and Chilies,https://www.food.com/recipe/spicy-mushrooms-with-ginger-and-chilies-57972
Rajma Masala,https://www.food.com/recipe/kidney-bean-chili-indian-style-rajma-in-masala-47936
Indian Fried Rice,https://www.food.com/recipe/indian-fried-rice-42620
Indian Style Green Beans,https://www.food.com/recipe/indian-style-green-beans-426090
Pindi Chana,https://www.food.com/recipe/pindi-chana-36606
Quick Naan (Bread Machine),https://www.food.com/recipe/quick-naan-bread-machine-254744
Mutter Paneer -- Indian Cheese Curry,https://www.food.com/recipe/mutter-paneer-indian-cheese-curry-173381
Indian Tacos (And Fry Bread),https://www.food.com/recipe/indian-tacos-and-fry-bread-17001
Hummus,https://www.food.com/recipe/hummus-16401
Palak Paneer,https://www.food.com/recipe/palak-paneer-14886
Saffron Rice With Cashews and Raisins,https://www.food.com/recipe/saffron-rice-with-cashews-and-raisins-136535
Lamb Korma,https://www.food.com/recipe/lamb-korma-124155
Chicken Tikka,https://www.food.com/recipe/chicken-tikka-115292
Paneer Butter Masala,https://www.food.com/recipe/paneer-butter-masala-112304
Quick Garam Masala,https://www.food.com/recipe/quick-garam-masala-82968
Beef Bombay Curry,https://www.food.com/recipe/beef-bombay-curry-88540
Spiced Cauliflower,https://www.food.com/recipe/spiced-cauliflower-48037
Easy Chai Masala,https://www.food.com/recipe/easy-chai-masala-448067
Fantastic Chicken Curry,https://www.food.com/recipe/fantastic-chicken-curry-42882
Indian Butter Chicken Slow Cooker,https://www.food.com/recipe/indian-butter-chicken-slow-cooker-396711
Easy Kulfi (Ice Cream Without an Ice Cream Freezer!),https://www.food.com/recipe/easy-kulfi-ice-cream-without-an-ice-cream-freezer-36229
Pork Curry ( for the Ladies),https://www.food.com/recipe/pork-curry-for-the-ladies-358839
Potato Curry With Peas and Carrots,https://www.food.com/recipe/potato-curry-with-peas-and-carrots-351469
Dhal - Lentil Puree,https://www.food.com/recipe/dhal-lentil-puree-32869
"Basil, Cilantro and Macadamia Nut Chicken",https://www.food.com/recipe/basil-cilantro-and-macadamia-nut-chicken-32377
Honey Berry Lassi,https://www.food.com/recipe/honey-berry-lassi-293979
Colorful Cauliflower Curry,https://www.food.com/recipe/cauliflower-curry-283560
Grilled Tandoori Chicken,https://www.food.com/recipe/grilled-tandoori-style-chicken-279907
Better Chai from a Chai Tea Bag,https://www.food.com/recipe/better-chai-from-a-chai-tea-bag-227694
Aloo Gobi - Potato and Cauliflower Curry.,https://www.food.com/recipe/aloo-gobi-potato-and-cauliflower-curry-22750
Bombay Naan (Oamc),https://www.food.com/recipe/bombay-naan-oamc-178020
Sriracha-Glazed Chicken and Onions over Long-Grain Rice,https://www.food.com/recipe/sriracha-glazed-chicken-and-onions-over-long-grain-rice-146712
Indian Ratatouille,https://www.food.com/recipe/indian-ratatouille-95437
Roasted Red Lentil Soup,https://www.food.com/recipe/roasted-red-lentil-soup-81287
Basmati Rice Seasoned with Garam Masala,https://www.food.com/recipe/basmati-rice-seasoned-with-garam-masala-6582
Seasonal Cranberry Chutney,https://www.food.com/recipe/cranberry-chutney-64488
Yellow Split Pea Dal,https://www.food.com/recipe/yellow-split-pea-dal-64224
"The Best Lentil Salad, Ever",https://www.food.com/recipe/the-best-lentil-salad-ever-501346
Indian Butter Chicken,https://www.food.com/recipe/indian-butter-chicken-482614
PANEER (Fresh Cheese),https://www.food.com/recipe/paneer-fresh-cheese-46900
Goan Beef Curry,https://www.food.com/recipe/goan-beef-curry-347795
Kashmiri Pulao,https://www.food.com/recipe/kashmiri-chicken-cardamom-and-saffron-pilau-spiced-indian-rice-292393
Indian Potatoes with Mustard Seeds (Sookhi Bhaji),https://www.food.com/recipe/indian-potatoes-with-mustard-seeds-sookhi-bhaji-29146
Indian-Spiced Coffee,https://www.food.com/recipe/indian-spiced-coffee-262957
Chickpea Daal (Indian),https://www.food.com/recipe/chickpea-daal-indian-24351
Potatoes With Indian Spices,https://www.food.com/recipe/potatoes-with-indian-spices-236275
Indian Fry Bread Tacos,https://www.food.com/recipe/amys-favorite-indian-fry-bread-tacos-225907
Crock Pot Curry (Aloo Rajma),https://www.food.com/recipe/crock-pot-curry-aloo-rajma-206165
Turmeric Fried Rice,https://www.food.com/recipe/fried-rice-12874
Indian-Seasoned Vegetable Patties,https://www.food.com/recipe/indian-seasoned-vegetable-patties-128466
Fish Curry,https://www.food.com/recipe/fish-curry-108018
Chana and Aloo (Chickpea and Potato Curry),https://www.food.com/recipe/chana-and-aloo-chickpea-and-potato-curry-185870
Indian Tacos,https://www.food.com/recipe/indian-tacos-11221
Mango Mania Lassi,https://www.food.com/recipe/mango-mania-lassi-95753
Plain Raita,https://www.food.com/recipe/plain-raita-8948
Mulligatawny Soup with Lentils,https://www.food.com/recipe/mulligatawny-soup-with-lentils-88719
Cauliflower and Tomato Curry,https://www.food.com/recipe/cauliflower-and-tomato-curry-59202
Indian Rice,https://www.food.com/recipe/indian-rice-482040
Scrambled Eggs With Scallions and Mushrooms,https://www.food.com/recipe/scrambled-eggs-with-scallions-and-mushrooms-481921
Spicy lassi,https://www.food.com/recipe/sweet-lassi-with-spices-437713
Banana and Coconut,https://www.food.com/recipe/banana-and-coconut-415321
South African Curry,https://www.food.com/recipe/south-african-curry-392938
Easy Curried Shrimp,https://www.food.com/recipe/easy-curried-shrimp-31896
""" Denauseating"" With Ginger Tea",https://www.food.com/recipe/denauseating-with-ginger-tea-30473
Onion bhajia,https://www.food.com/recipe/indian-restaurant-style-onion-bhajia-deep-fried-onion-fritters-288345
Honey-Ginger Lassi,https://www.food.com/recipe/honey-ginger-lassi-245239
Keema,https://www.food.com/recipe/keema-207942
Hot Cinnamon Coffee,https://www.food.com/recipe/hot-cinnamon-coffee-18792
Chicken Jambalaya,https://www.food.com/recipe/chicken-jambalaya-18508
Chickpea Curry Rice,https://www.food.com/recipe/chickpea-curry-indian-style-over-basmati-rice-174691
Chickpea Flour Pizza,https://www.food.com/recipe/chickpea-flour-pizza-160236
Broiled Indian Spiced Fish,https://www.food.com/recipe/broiled-indian-spiced-fish-158344
Yogurt-Marinated grilled chicken,https://www.food.com/recipe/tandoori-style-yogurt-marinated-chicken-legs-for-the-grill-155881
Kachoomber {refreshing Tomato Salad},https://www.food.com/recipe/kachoomber-refreshing-tomato-salad-137329
Bhindi Masala,https://www.food.com/recipe/charishmas-very-tasty-bhindi-masala-123857
Authentic Navajo Indian Fry Bread (Taco Bread),https://www.food.com/recipe/authentic-navajo-indian-fry-bread-taco-bread-136543
carrot curry,https://www.food.com/recipe/carrot-curry-87646
Curry Lentils With Chicken,https://www.food.com/recipe/curry-lentils-with-chicken-85865
Honey Curried Chicken,https://www.food.com/recipe/honey-curried-chicken-7788
Toor Ki Dal(sindhi Style),https://www.food.com/recipe/subru-uncles-toor-ki-dal-sindhi-style-dad-mom-and-i-love-and-76908
Sweet Tomato Chutney,https://www.food.com/recipe/sweet-tomato-chutney-70119
Egg Pulao,https://www.food.com/recipe/egg-pulao-69892
Mulligatawny (Indian) Soup ( Beef ),https://www.food.com/recipe/mulligatawny-indian-soup-beef-57831
Green Tomatoes with Indian Spices,https://www.food.com/recipe/green-tomatoes-with-indian-spices-52262
Indian Roasted Cauliflower,https://www.food.com/recipe/indian-roasted-cauliflower-467923
Chai Tea,https://www.food.com/recipe/aartis-party-chai-tea-437153
Secret Ingredient Curried Cauliflower Soup,https://www.food.com/recipe/secret-ingredient-curried-cauliflower-soup-371337
Balti Seitan Madras,https://www.food.com/recipe/balti-seitan-madras-341407
Chicken with Lemon Curry Sauce,https://www.food.com/recipe/chicken-with-lemon-curry-sauce-3103
Fried Shrimp Tomato Cream Sauce,https://www.food.com/recipe/stir-fried-shrimp-in-aromatic-tomato-cream-sauce-306156
Couscous Salad,https://www.food.com/recipe/my-couscous-salad-248510
Punjabi Chapati / Chapatis,https://www.food.com/recipe/punjabi-chapati-chapatis-217108
Beef Vindaloo ( the Real Thing),https://www.food.com/recipe/beef-vindaloo-the-real-thing-207043
Curried Creamed Cabbage,https://www.food.com/recipe/curried-creamed-cabbage-203966
Chickpea Salad With Ginger,https://www.food.com/recipe/chickpea-salad-with-ginger-165089
Garam Masala Deviled Eggs,https://www.food.com/recipe/garam-masala-deviled-eggs-159054
Curried Pea Soup,https://www.food.com/recipe/curried-pea-soup-15307
Chana Dal (Yellow Lentils) With Spinach,https://www.food.com/recipe/chana-dal-yellow-lentils-with-spinach-126616
Lentil Croquettes,https://www.food.com/recipe/lentil-croquettes-121500
South Indian Eggplant (Aubergine) Curry,https://www.food.com/recipe/south-indian-eggplant-aubergine-curry-114524
Indian Candy-Smoked Salmon,https://www.food.com/recipe/indian-candy-smoked-salmon-47871
Madras Curry Paste,https://www.food.com/recipe/madras-curry-paste-95907
"clarified butter or ""ghee""",https://www.food.com/recipe/clarified-butter-or-ghee-71031
Fresh Fruit Lime-Yogurt-Cardamom,https://www.food.com/recipe/fresh-fruit-in-lime-yogurt-cardamom-dressing-70552
Salmon Cutlets Indian Creamy Sauce,https://www.food.com/recipe/salmon-cutlets-in-indian-creamy-sauce-67880
Indian Omelet,https://www.food.com/recipe/indian-omelet-482891
Chapati (Indian Flat Bread),https://www.food.com/recipe/chapati-indian-flat-bread-482651
Tandoori Spice Mix,https://www.food.com/recipe/tandoori-spice-mix-482360
Indian Potato Cakes (Aloo Tikki) With Cilantro Chutney Yogurt,https://www.food.com/recipe/indian-potato-cakes-aloo-tikki-with-cilantro-chutney-yogurt-474699
Fried Pineapple Rice(Vegan),https://www.food.com/recipe/fried-pineapple-rice-vegan-463326
Green Lentils With Garlic & Onion (Madhur Jaffrey),https://www.food.com/recipe/green-lentils-with-garlic-onion-madhur-jaffrey-438848
Mango Lassi (India),https://www.food.com/recipe/mango-lassi-india-423596
Spicy Curried Lentils and Rice,https://www.food.com/recipe/spicy-curried-lentils-and-rice-423545
Mung Bean Curry,https://www.food.com/recipe/uncle-bills-mung-bean-curry-42325
Murgh Makhani - Moghul Butter Chicken,https://www.food.com/recipe/murgh-makhani-moghul-butter-chicken-422848
Spicy Tomato Chickpea Stew,https://www.food.com/recipe/spicy-tomato-chickpea-stew-416179
Baked Vegetarian Samosas,https://www.food.com/recipe/oven-baked-vegetarian-samosas-397782
Indian Dhal,https://www.food.com/recipe/indian-dhal-336973
Masoor Dal,https://www.food.com/recipe/masoor-dal-311192
Channa Dal (Curried Chickpeas),https://www.food.com/recipe/channa-dal-curried-chickpeas-306863
Chickpea Dahl,https://www.food.com/recipe/chickpea-dahl-305710
Garam Masala - Aromatic Kashmiri Spice Blend for Spicy Cooking!,https://www.food.com/recipe/garam-masala-aromatic-kashmiri-spice-blend-for-spicy-cooking-279714
Spicy Mulligatawny Soup  ( Chicken ),https://www.food.com/recipe/spicy-mulligatawny-soup-chicken-233158
Bombay Beans And Chicken,https://www.food.com/recipe/bombay-beans-and-chicken-22808
Simple Chicken Biryani,https://www.food.com/recipe/simple-chicken-biryani-203279
Spiced Bat Wings(Chicken Wings),https://www.food.com/recipe/spiced-bat-wings-chicken-wings-192345
Gluten-Free Naan / Roti (Indian Flat Bread) - Version #1,https://www.food.com/recipe/gluten-free-naan-roti-indian-flat-bread-version-1-189334
Aloo Paratha (Indian Potato-Stuffed Flatbreads),https://www.food.com/recipe/aloo-paratha-indian-potato-stuffed-flatbreads-16786
Garlic Curry Chicken & Spinach,https://www.food.com/recipe/garlic-curry-chicken-spinach-167521
Green Chutney ( Indian Mint - Cilantro Chutney ),https://www.food.com/recipe/green-chutney-indian-mint-cilantro-chutney-156498
Eggplant (Aubergine) -Spinach Curry,https://www.food.com/recipe/eggplant-aubergine-spinach-curry-151461
Butter Chicken - (Murgh Makhani),https://www.food.com/recipe/butter-chicken-murgh-makhani-146193
"Red Lentil, Tomato and Spinach Soup",https://www.food.com/recipe/red-lentil-tomato-and-spinach-soup-138073
"Creamy Lentil ""risotto"" (Kichdi)",https://www.food.com/recipe/creamy-lentil-risotto-kichdi-131214
Shrimp Korma,https://www.food.com/recipe/shrimp-korma-126599
Mixed Dhal,https://www.food.com/recipe/mixed-dhal-114253
Vegan Chickpea Korma,https://www.food.com/recipe/vegan-chickpea-korma-271664
India Chicken Curry,https://www.food.com/recipe/india-chicken-curry-266584
Udipi Sambar,https://www.food.com/recipe/udipi-sambar-89803
Red Chard Saag,https://www.food.com/recipe/red-chard-saag-89564
Beef Short Ribs Cinnamon & Red Wine Sauce,https://www.food.com/recipe/beef-short-ribs-in-cinnamon-red-wine-sauce-85348
Lemon Rice with Dals,https://www.food.com/recipe/lemon-rice-with-dals-84304
Chicken and Apple Curry,https://www.food.com/recipe/chicken-and-apple-curry-70836
Potato Curry,https://www.food.com/recipe/potato-curry-61983
"Pumpkin, Banana and Chickpea Curry",https://www.food.com/recipe/pumpkin-banana-and-chickpea-curry-52807
Masala Chai,https://www.food.com/recipe/masala-chai-483736
Scrambled Eggs - Indian Style,https://www.food.com/recipe/scrambled-eggs-indian-style-482989
Curried Eggs,https://www.food.com/recipe/curried-eggs-482976
Chai (Spiced Indian Tea),https://www.food.com/recipe/chai-spiced-indian-tea-481490
Sambal Oelek,https://www.food.com/recipe/sambal-oelek-47589
Rajmah (Punjabi Curried Red Kidney Bean) (Slow-Cooker),https://www.food.com/recipe/rajmah-punjabi-curried-red-kidney-bean-slow-cooker-466289
Homemade Indian Lamb Masala Curry,https://www.food.com/recipe/kaypees-homemade-indian-lamb-masala-curry-457409
Strawberry Lassi,https://www.food.com/recipe/strawberry-lassi-425087
Indian Raita (Cucumber Mix),https://www.food.com/recipe/indian-raita-cucumber-mix-397633
Authentic Karahi Curry (With Base Sauce),https://www.food.com/recipe/authentic-karahi-curry-with-base-sauce-394252
Mango Lassi Yogurt Pops,https://www.food.com/recipe/mango-lassi-yogurt-pops-382437
Tarka Dal,https://www.food.com/recipe/tarka-dal-380608
Low-Fat Chicken Curry,https://www.food.com/recipe/low-fat-chicken-curry-37989
Indian Ghee Rice,https://www.food.com/recipe/indian-ghee-rice-353583
Garlicky Mushroom Masala Omelet,https://www.food.com/recipe/garlicky-mushroom-masala-omelet-306233
Eggplant and Potato (Indian),https://www.food.com/recipe/eggplant-and-potato-indian-298395
Fried Tofu in Curry Sauce,https://www.food.com/recipe/fried-tofu-in-curry-sauce-294142
Masala Dosa with Coconut Chutney (South Indian Savory Crepes with filling),https://www.food.com/recipe/masala-dosa-with-coconut-chutney-south-indian-savory-crepes-with-filling-27028
Best Healthy Vegan Indian Naan (Or Garlic Naan) Bread!,https://www.food.com/recipe/best-healthy-vegan-indian-naan-or-garlic-naan-bread-258001
Masala Coffee (Spiced Coffee),https://www.food.com/recipe/masala-coffee-spiced-coffee-24900
Chicken Tikka Masala,https://www.food.com/recipe/chicken-tikka-masala-236996
Indian Chickpeas,https://www.food.com/recipe/indian-chickpeas-228288
Tomato Poha,https://www.food.com/recipe/tomato-poha-21075
Samosa Soup,https://www.food.com/recipe/samosa-soup-209882
Cumin  Mint & Coriander Yogurt,https://www.food.com/recipe/cumin-mint-coriander-yogurt-203296
Indian Home Fries,https://www.food.com/recipe/indian-home-fries-190275
Honey-Cardamom Glazed Carrots,https://www.food.com/recipe/honey-cardamom-glazed-carrots-181759
Tangy Lemon Rice with Peanuts,https://www.food.com/recipe/tangy-lemon-rice-with-peanuts-17933
Sweet Potato and Chickpea Curry,https://www.food.com/recipe/sweet-potato-and-chickpea-curry-167611
North-South Sweet Potato Curry,https://www.food.com/recipe/north-south-sweet-potato-curry-165039
"Sauteed Apple, Onion N' Bell Pepper",https://www.food.com/recipe/sauteed-apple-onion-n-bell-pepper-15866
Aaloo Mattar,https://www.food.com/recipe/aaloo-mattar-indian-style-peas-and-potatoes-158223
Clove and Cinnamon Tea,https://www.food.com/recipe/clove-and-cinnamon-tea-15553
Chicken Methi ( Chicken With Dried Fenugreek Leaves),https://www.food.com/recipe/chicken-methi-chicken-with-dried-fenugreek-leaves-154433
Mughlai Beef Curry (Mughlai Frezi),https://www.food.com/recipe/mughlai-beef-curry-mughlai-frezi-151462
Corn and Peas,https://www.food.com/recipe/corn-and-peas-150652
Kheer,https://www.food.com/recipe/kheer-136370
Chicken Dopiaza,https://www.food.com/recipe/chicken-dopiaza-126582
Samosa Pie,https://www.food.com/recipe/samosa-pie-122717
Sambhar,https://www.food.com/recipe/sambhar-115127
Crock Pot Chicken and Potato Curry,https://www.food.com/recipe/crock-pot-chicken-and-potato-curry-67786
Indian Spiced Potatoes,https://www.food.com/recipe/indian-spiced-potatoes-94661
Masala Tea (indian Spiced Tea),https://www.food.com/recipe/masala-tea-indian-spiced-tea-94606
Delhi Potatoes,https://www.food.com/recipe/delhi-potatoes-77931
"Jasmine Rice with Shallots, Cumin and Red Pepper",https://www.food.com/recipe/jasmine-rice-with-shallots-cumin-and-red-pepper-74583
Curried Lentils with Yogurt,https://www.food.com/recipe/curried-lentils-with-yogurt-69035
Vindaloo,https://www.food.com/recipe/vindaloo-goan-style-hot-and-sour-pork-6574
Chicken Ceylon with Massalla Gravy,https://www.food.com/recipe/chicken-ceylon-with-massalla-gravy-58986
Spicy Indian Kofta,https://www.food.com/recipe/spicy-indian-kofta-57610
Akoori - Indian Scrambled Eggs,https://www.food.com/recipe/akoori-indian-scrambled-eggs-5234
Spicy Sweet Chicken Wings,https://www.food.com/recipe/marthas-spicy-sweet-chicken-wings-485183
Lassi (Indian Yogurt Drink),https://www.food.com/recipe/lassi-indian-yogurt-drink-483000
Kheema,https://www.food.com/recipe/kheema-482951
Grilled Indian-Style Curry Yogurt Chicken,https://www.food.com/recipe/grilled-indian-style-curry-yogurt-chicken-466540
Chicken in Yogurt and Almond Curry,https://www.food.com/recipe/chicken-in-yogurt-and-almond-curry-449638
Shrimp and Coconut Curry With Green Beans,https://www.food.com/recipe/shrimp-and-coconut-curry-with-green-beans-446582
'chicken' Tikka Masala - Vegan Style,https://www.food.com/recipe/chicken-tikka-masala-vegan-style-418756
Chicken Naan Pockets,https://www.food.com/recipe/chicken-naan-pockets-395556
"Super Simple, Super Quick Chicken Curry and Rice",https://www.food.com/recipe/super-simple-super-quick-chicken-curry-and-rice-370684
Portobello Curry With Green Rice,https://www.food.com/recipe/portobello-curry-with-green-rice-352501
Raita,https://www.food.com/recipe/raita-with-love-from-india-35063
Spicy Carrot and Zucchini Bhaji,https://www.food.com/recipe/spicy-carrot-and-zucchini-bhaji-344072
Qaubuli Palau (Yellow Rice With Carrots and Ground Beef),https://www.food.com/recipe/qaubuli-palau-yellow-rice-with-carrots-and-ground-beef-339783
Easy Chapatis (Flatbread),https://www.food.com/recipe/easy-chapatis-flatbread-33622
Hare Krishna Almond Salad Dressing,https://www.food.com/recipe/hare-krishna-almond-salad-dressing-327161
Scentilentil Journey,https://www.food.com/recipe/scentilentil-journey-326579
Chicken Tikka Masala,https://www.food.com/recipe/chicken-tikka-masala-316620
Red Lentil Mulligatawny With Apple-Celery Salsa,https://www.food.com/recipe/red-lentil-mulligatawny-with-apple-celery-salsa-290488
Chicken Makhani,https://www.food.com/recipe/chicken-makhani-28850
Kachoomar Must Must,https://www.food.com/recipe/kachoomar-must-must-28107
Chicken Korma,https://www.food.com/recipe/padma-lakshmis-chicken-korma-274162
Curried Chicken With Rice,https://www.food.com/recipe/curried-chicken-with-rice-263674
Eggplant Curry,https://www.food.com/recipe/eggplant-curry-252964
Aloo Gobi,https://www.food.com/recipe/kevins-aloo-gobi-23375
Cucumber Vegetable Salad,https://www.food.com/recipe/cucumber-vegetable-salad-229659
New Potatoes With Cumin,https://www.food.com/recipe/new-potatoes-with-cumin-207685
Onion  Bhaji,https://www.food.com/recipe/onion-bhaji-203074
Madras Sweet Potatoes,https://www.food.com/recipe/madras-sweet-potatoes-197361
"Cucumber Raita, Super Simple, Quick and Easy.",https://www.food.com/recipe/cucumber-raita-super-simple-quick-and-easy-191062
"Aloo Gobi Mattar - Cauliflower, Pea and Potato Curry",https://www.food.com/recipe/aloo-gobi-mattar-cauliflower-pea-and-potato-curry-187408
Green Tea  Spiced  Kashmiri Kahwa,https://www.food.com/recipe/green-tea-spiced-kashmiri-kahwa-176553
Spinach Curry,https://www.food.com/recipe/spinach-curry-166775
Curried Lamb Meatballs,https://www.food.com/recipe/curried-lamb-meatballs-165146
Almost Core Chicken Biryani,https://www.food.com/recipe/almost-core-chicken-biryani-161604
Colorful Cashew Curry,https://www.food.com/recipe/colorful-cashew-curry-161283
East Indian Farina Hot Cereal (Payasam),https://www.food.com/recipe/east-indian-farina-hot-cereal-payasam-159747
Curried Sweet Potatoes in Coconut Milk,https://www.food.com/recipe/curried-sweet-potatoes-in-coconut-milk-148080
Burfi a La Yamuna - Indian Fudge,https://www.food.com/recipe/burfi-a-la-yamuna-indian-fudge-147891
Masoor Daal - Indian Red Lentils,https://www.food.com/recipe/masoor-daal-indian-red-lentils-145357
Paneer (Panir),https://www.food.com/recipe/paneer-panir-139897
Easy Moong Dal (Mashed Yellow Split Peas),https://www.food.com/recipe/easy-moong-dal-mashed-yellow-split-peas-138210
Five-Lentil Stew (Panch Dal),https://www.food.com/recipe/five-lentil-stew-panch-dal-137217
Non-Fat Paneer,https://www.food.com/recipe/non-fat-paneer-134496
Savory Kidney Beans,https://www.food.com/recipe/savory-kidney-beans-125892
Tandoori Chicken,https://www.food.com/recipe/tandoori-chicken-117235
Lamb Korma,https://www.food.com/recipe/lamb-korma-11451
Potato and Coriander Samosas,https://www.food.com/recipe/potato-and-coriander-samosas-111690
Dahl Soup - Fijian Indian Version,https://www.food.com/recipe/dahl-soup-fijian-indian-version-334049
Tandoori Masala (Spice Mix),https://www.food.com/recipe/tandoori-masala-spice-mix-333539
Naan Aka Indian Flat Bread,https://www.food.com/recipe/naan-aka-indian-flat-bread-125624
Appalicious Apple Lassi,https://www.food.com/recipe/appalicious-apple-lassi-95821
Fragrant Paneer Rice,https://www.food.com/recipe/fragrant-paneer-rice-93232
"Kachumber - Fresh Tomato, Cucumber, and Onion Relish",https://www.food.com/recipe/kachumber-fresh-tomato-cucumber-and-onion-relish-81282
Beef or Lamb Vindaloo,https://www.food.com/recipe/beef-or-lamb-vindaloo-76372
divine indian spinach,https://www.food.com/recipe/divine-indian-spinach-73708
Homemade Yogurt,https://www.food.com/recipe/homemade-yogurt-71032
Chicken Meatball Tikka Masala,https://www.food.com/recipe/chicken-meatball-tikka-masala-536973
Easy Entertaining Rice Pudding,https://www.food.com/recipe/easy-rice-pudding-51640
Goan Black-Eyed Peas (Slow Cooker),https://www.food.com/recipe/goan-black-eyed-peas-slow-cooker-513463
Tomato Soup,https://www.food.com/recipe/tomato-soup-50749
Coffee Cake,https://www.food.com/recipe/the-best-coffee-lovers-coffee-cake-49945
Mango and Baby Tomato Salad,https://www.food.com/recipe/mango-and-baby-tomato-salad-485002
Onion Rice,https://www.food.com/recipe/onion-rice-484953
Indian Shrimp (Prawn) Curry,https://www.food.com/recipe/indian-shrimp-prawn-curry-484888
Indian Cucumber Salad,https://www.food.com/recipe/indian-cucumber-salad-484513
Kheer (Indian Rice Pudding),https://www.food.com/recipe/kheer-indian-rice-pudding-483170
Gobi Ki Sabzi (Dry Cauliflower Curry),https://www.food.com/recipe/gobi-ki-sabzi-dry-cauliflower-curry-483067
Indian Scrambled Eggs,https://www.food.com/recipe/indian-scrambled-eggs-482883
Cucumber Raita (Cucumber Salad),https://www.food.com/recipe/cucumber-raita-cucumber-salad-482735
Roasted Chickpeas With Garam Masala,https://www.food.com/recipe/roasted-chickpeas-with-garam-masala-482652
Chicken 65 or 'hot and Spicy Chicken'!,https://www.food.com/recipe/chicken-65-or-hot-and-spicy-chicken-47303
Jalebis!,https://www.food.com/recipe/delicious-homemade-instant-jalebis-47069
Indian Spinach Salad,https://www.food.com/recipe/indian-spinach-salad-466493
Chocolate Chai Tea,https://www.food.com/recipe/chocolate-chai-tea-465576
Zanzibari Prawn,https://www.food.com/recipe/zanzibari-prawn-460378
Pudla - Besan Chickpea Pancake,https://www.food.com/recipe/pudla-besan-chickpea-pancake-460196
Bombay Spiced Potatoes,https://www.food.com/recipe/bombay-spiced-potatoes-450832
Mango Lassi,https://www.food.com/recipe/mango-lassi-449074
Coconut Curry Crust Fish,https://www.food.com/recipe/coconut-curry-crust-fish-447339
Ekuri - Spicy Scrambled Eggs,https://www.food.com/recipe/ekuri-spicy-scrambled-eggs-44199
Eggplant Curry (Indian),https://www.food.com/recipe/eggplant-curry-indian-437724
Aromatic Basmati Rice (Rice Cooker),https://www.food.com/recipe/aromatic-basmati-rice-rice-cooker-424415
Indian Spicy-Sour Chickpeas With Cauliflower,https://www.food.com/recipe/indian-spicy-sour-chickpeas-with-cauliflower-416982
Chicken Tikka Tomato Masala,https://www.food.com/recipe/chicken-tikka-masala-394639
Indian ( Navajo ) Fry Bread,https://www.food.com/recipe/indian-navajo-fry-bread-387068
Jowar/Jolad Roti,https://www.food.com/recipe/aayis-jowar-jolad-roti-gluten-free-indian-flat-bread-385083
Ginger-Garlic Paste,https://www.food.com/recipe/ginger-garlic-paste-38054
Spicy Root Vegetable & Lentil Casserole,https://www.food.com/recipe/spicy-root-vegetable-lentil-casserole-345555
Pressure Cooker Chicken Curry,https://www.food.com/recipe/pressure-cooker-chicken-curry-344788
Easy Dhal Soup,https://www.food.com/recipe/easy-dhal-soup-343680
Bengali Potatoes,https://www.food.com/recipe/bengali-potatoes-336995
Mulligatawny Soup,https://www.food.com/recipe/mulligatawny-soup-336234
Dal With Spinach and Yoghurt,https://www.food.com/recipe/dal-with-spinach-and-yoghurt-332530
Masala-Spiced Chickpeas,https://www.food.com/recipe/masala-spiced-chickpeas-328056
"Basmati Rice With Cashews, Peas and Fresh Coriander",https://www.food.com/recipe/basmati-rice-with-cashews-peas-and-fresh-coriander-328002
Indian Appleous 500,https://www.food.com/recipe/indian-appleous-500-325753
Tamarind - Date Chutney,https://www.food.com/recipe/tamarind-date-chutney-322417
Simple Lentil Dal (Dahl),https://www.food.com/recipe/simple-lentil-dal-dahl-310940
Dahl Soup,https://www.food.com/recipe/dahl-soup-309217
Spicy Baked Chicken (From India) -- Masaledar Murghi,https://www.food.com/recipe/spicy-baked-chicken-from-india-masaledar-murghi-306916
Turmeric Rice by Madhur Jaffrey,https://www.food.com/recipe/turmeric-rice-by-madhur-jaffrey-299840
Curry-Spiced Sweet Potatoes,https://www.food.com/recipe/curry-spiced-sweet-potatoes-288942
Pork Vindaloo,https://www.food.com/recipe/pork-vindaloo-270304
Mulligatawny Soup,https://www.food.com/recipe/the-memsahibs-mulligatawny-soup-anglo-indian-curried-soup-257944
Oven-Roasted Eggplant and Butternut Squash Curry,https://www.food.com/recipe/oven-roasted-eggplant-and-butternut-squash-curry-253225
Black-Eyed Peas With Mushrooms,https://www.food.com/recipe/black-eyed-peas-with-mushrooms-251876
Beef Keema,https://www.food.com/recipe/beef-keema-249614
Pulau Nepalese Basmati Rice,https://www.food.com/recipe/pulau-nepalese-basmati-rice-dish-248955
"Garlic Pita "" Naan """,https://www.food.com/recipe/garlic-pita-naan-230149
Butter Chicken Curry,https://www.food.com/recipe/butter-chicken-curry-229228
"Fried Liver Curry ( Lamb, Pork or Chicken )",https://www.food.com/recipe/fried-liver-curry-lamb-pork-or-chicken-206497
Awesome Sambhar,https://www.food.com/recipe/awesome-sambhar-205523
Creamy Palak (Spinach),https://www.food.com/recipe/creamy-palak-spinach-18505
Besan Ladoo,https://www.food.com/recipe/my-addictive-besan-gram-flour-ladoo-will-leave-u-licking-ur-fingers-clean-18409
Curried Ground Beef,https://www.food.com/recipe/curried-ground-beef-180768
Tava(Pan) Mushrooms,https://www.food.com/recipe/tava-pan-mushrooms-17712
Coconut-Lentil Chutney,https://www.food.com/recipe/coconut-lentil-chutney-15042
Kolkata Chilli Chicken,https://www.food.com/recipe/kolkata-chilli-chicken-147892
Cardamom and Black Pepper Chicken,https://www.food.com/recipe/cardamom-and-black-pepper-chicken-137870
Bombay Chicken Curry,https://www.food.com/recipe/bombay-chicken-curry-134691
Potato Curry for 1,https://www.food.com/recipe/potato-curry-for-1-128410
"Baingan Bharta ( Spicy Roasted Eggplant With Tomatoes, Cilantro",https://www.food.com/recipe/baingan-bharta-spicy-roasted-eggplant-with-tomatoes-cilantro-11863
Scrumptious Kerala Fish Patties,https://www.food.com/recipe/scrumptious-kerala-fish-patties-102656
Indian Flatbread,https://www.food.com/recipe/subru-uncles-recipe-to-prepare-dough-for-indian-flatbread-76927
Indian Butter Chicken (Without the Butter),https://www.food.com/recipe/indian-butter-chicken-without-the-butter-362415
Simple Turmeric Rice,https://www.food.com/recipe/simple-turmeric-rice-324541
Beet Salad (Indian),https://www.food.com/recipe/beet-salad-indian-298728
Chicken Tikka Masala,https://www.food.com/recipe/restaurant-style-chicken-tikka-masala-256332
Sweet Potato and Spinach Curry,https://www.food.com/recipe/sweet-potato-and-spinach-curry-201680
Indian Spiced Eggplant (Aubergine),https://www.food.com/recipe/indian-spiced-eggplant-aubergine-196146
Mushroom and Okra Curry,https://www.food.com/recipe/mushroom-and-okra-curry-125206
Beef Samosa,https://www.food.com/recipe/beef-samosa-98520
Spicy Green Beans,https://www.food.com/recipe/qs-spicy-green-beans-96077
Red Snapper With Garlic Delight,https://www.food.com/recipe/red-snapper-with-garlic-delight-93905
Pot Roast with gravy - Indian style,https://www.food.com/recipe/pot-roast-with-gravy-indian-style-85336
Chana Dal With Bell Pepper,https://www.food.com/recipe/chana-dal-with-bell-pepper-83985
"Chicken Mulligatawny Soup from ""the Frugal Gourmet""",https://www.food.com/recipe/chicken-mulligatawny-soup-from-the-frugal-gourmet-83983
Keema II,https://www.food.com/recipe/keema-ii-77791
South Indian Sambar Veg Curry,https://www.food.com/recipe/subru-uncles-delicious-s-indian-sambar-veg-curry-we-all-love-77100
Flavors of India: Spiced Pumpkin Bread,https://www.food.com/recipe/flavors-of-india-spiced-pumpkin-bread-75481
Ground Beef and Potato Curry,https://www.food.com/recipe/ground-beef-and-potato-curry-74769
Whole Foods Chickpea Masala,https://www.food.com/recipe/whole-foods-chickpea-masala-65619
Barbecue Tandoori Chicken,https://www.food.com/recipe/uncle-bills-barbecue-tandoori-chicken-63800
"Ground Turkey, Sweet Potato & Pea Curry",https://www.food.com/recipe/ground-turkey-sweet-potato-pea-curry-496776
Tandoori Paste,https://www.food.com/recipe/tandoori-paste-485579
"Coconut Curry With Cauliflower, Carrots, & Chickpeas",https://www.food.com/recipe/coconut-curry-with-cauliflower-carrots-chickpeas-485472
Carrots Garam Masala,https://www.food.com/recipe/carrots-garam-masala-485234
Easy Green Beans Masala,https://www.food.com/recipe/easy-green-beans-masala-485233
Indian Potatoes - Aloo Kurma,https://www.food.com/recipe/indian-potatoes-aloo-kurma-484957
Chicken Tikka Masala by Jamie Oliver,https://www.food.com/recipe/chicken-tikka-masala-by-jamie-oliver-482985
Bombay Barbecued Chicken,https://www.food.com/recipe/bombay-barbecued-chicken-482144
Cooling Mint Cucumber Raita,https://www.food.com/recipe/cooling-mint-cucumber-raita-482134
Indian Scrambled Eggs With Onion and Tomatoes (Khichri Unda),https://www.food.com/recipe/indian-scrambled-eggs-with-onion-and-tomatoes-khichri-unda-481922
East Indian Cheese Logs,https://www.food.com/recipe/east-indian-cheese-logs-48072
Spiced Chai Concentrate,https://www.food.com/recipe/spiced-chai-concentrate-469218
Indian Cauliflower & Potatoes,https://www.food.com/recipe/indian-cauliflower-potatoes-468635
Tandoori Spice Blend,https://www.food.com/recipe/tandoori-spice-blend-466988
Dry Potato Curry,https://www.food.com/recipe/dry-potato-curry-460194
Yellow Mung Dal Soup - Dal Shorba,https://www.food.com/recipe/yellow-mung-dal-soup-dal-shorba-451324
Chili-Lime Rubbed Indian Corn on the Cob,https://www.food.com/recipe/chili-lime-rubbed-indian-corn-on-the-cob-441186
Akoori - Parsi Scrambled Eggs,https://www.food.com/recipe/akoori-parsi-scrambled-eggs-425294
Indian Dhal,https://www.food.com/recipe/indian-dhal-416178
Silky Spicy Carrot Soup,https://www.food.com/recipe/silky-spicy-carrot-soup-412372
Garam Masala Ala Madhur Jaffrey,https://www.food.com/recipe/garam-masala-ala-madhur-jaffrey-395197
Silky Masala Chai,https://www.food.com/recipe/masala-chai-365280
Cottage Cheese in Spinach Gravy(Palak Paneer),https://www.food.com/recipe/cottage-cheese-in-spinach-gravy-palak-paneer-357820
Curried Quinoa and Cauliflower,https://www.food.com/recipe/curried-quinoa-and-cauliflower-356484
Red Lentil and Apricot Soup,https://www.food.com/recipe/red-lentil-and-apricot-soup-330176
Spinach and Pumpkin Curry,https://www.food.com/recipe/spinach-and-pumpkin-curry-327981
Indian Chai Iced Coffee,https://www.food.com/recipe/indian-chai-iced-coffee-323298
"Bastani (Persian Rose Water, Saffron and Pistachio Ice Cream)",https://www.food.com/recipe/bastani-persian-rose-water-saffron-and-pistachio-ice-cream-318129
Mash Aloo (Indian Mashed Potatoes),https://www.food.com/recipe/mash-aloo-indian-mashed-potatoes-306163
Pooris (Fried Indian Bread),https://www.food.com/recipe/pooris-fried-indian-bread-305537
Chocolate Chai,https://www.food.com/recipe/chocolate-chai-304348
Indian-Style Green Beans,https://www.food.com/recipe/indian-style-green-beans-292756
Kaha Bath (Yellow Rice),https://www.food.com/recipe/kaha-bath-yellow-rice-28815
Ground Cilantro (coriander) Chutney,https://www.food.com/recipe/ground-cilantro-coriander-chutney-28774
Pakistani Dhal,https://www.food.com/recipe/pakistani-dhal-269711
Baked Potato and Eggplant Curry,https://www.food.com/recipe/urmilas-baked-potato-and-eggplant-curry-267565
Vegetable Makhani,https://www.food.com/recipe/vegetable-makhani-263903
Cardamom & Coconut Pilau,https://www.food.com/recipe/cardamom-coconut-pilau-228805
Filling for Dosa Pancake,https://www.food.com/recipe/filling-for-dosa-pancake-216978
Chicken and Spinach Curry,https://www.food.com/recipe/chicken-and-spinach-curry-210350
Paneer (Panir - Indian Cheese),https://www.food.com/recipe/homemade-paneer-panir-indian-cheese-207389
Chicken Vindaloo Balti Style,https://www.food.com/recipe/chicken-vindaloo-balti-style-207042
Sweet and Sour Chicken Curry,https://www.food.com/recipe/sweet-and-sour-chicken-curry-204652
Kofta Meatball Curry,https://www.food.com/recipe/kofta-meatball-curry-204496
Gajar Ka Halwa (Carrot Halwa),https://www.food.com/recipe/gajar-ka-halwa-carrot-halwa-20175
Spinach and Dhal Curry,https://www.food.com/recipe/spinach-and-dhal-curry-197461
Garam Masala,https://www.food.com/recipe/garam-masala-176687
Aloo Mutter,https://www.food.com/recipe/aloo-mutter-176013
Dhall (Lentil & Tomato Curry),https://www.food.com/recipe/dhall-lentil-tomato-curry-174560
Red Tomato Chutney,https://www.food.com/recipe/red-tomato-chutney-172397
Potato and Pea Curry,https://www.food.com/recipe/potato-and-pea-curry-162417
Green Coconut Curry With Vegetables,https://www.food.com/recipe/green-coconut-curry-with-vegetables-161285
Cranberry Orange Chutney,https://www.food.com/recipe/cranberry-orange-chutney-159329
Tamarind - Date Chutney ( Sweet Indian Chutney),https://www.food.com/recipe/tamarind-date-chutney-sweet-indian-chutney-156496
Mushroom Rogan Josh,https://www.food.com/recipe/mushroom-rogan-josh-155777
Green Fennel Seeds Tea,https://www.food.com/recipe/green-fennel-seeds-tea-15472
Major Grey Chicken Curry,https://www.food.com/recipe/major-grey-chicken-curry-145414
Garam Masala Butter Chicken,https://www.food.com/recipe/butter-chicken-136226
Indian Carrot Bread,https://www.food.com/recipe/indian-carrot-bread-134335
Vegetable Manchurian - Oriental Fusion Cuisine,https://www.food.com/recipe/vegetable-manchurian-oriental-fusion-cuisine-128861
Chicken in Coconut Milk (Indian),https://www.food.com/recipe/chicken-in-coconut-milk-indian-126584
Chicken Bhoona,https://www.food.com/recipe/chicken-bhoona-119043
Potatoes in Spinach Sauce,https://www.food.com/recipe/new-potatoes-in-spinach-sauce-111844
Indian Corn Stew,https://www.food.com/recipe/indian-corn-stew-109570
Mango Lassi,https://www.food.com/recipe/emerils-mango-lassi-105845
Bombay Chicken with Red Split Lentils,https://www.food.com/recipe/bombay-chicken-with-red-split-lentils-67313
Mixed Vegetable Masala,https://www.food.com/recipe/mixed-vegetable-masala-403818
Old Fashioned New England Indian Pudding,https://www.food.com/recipe/old-fashioned-new-england-indian-pudding-388066
Easy Curried Chickpeas (Chana Masala) Vegetarian/Vegan,https://www.food.com/recipe/easy-curried-chickpeas-chana-masala-vegetarian-vegan-264297
Chicken and Cashew Nut Sauce,https://www.food.com/recipe/chicken-in-a-cashew-nut-sauce-215989
Indian Fry Bread - Midwest,https://www.food.com/recipe/indian-fry-bread-midwest-213012
Spiced Mushrooms,https://www.food.com/recipe/spiced-mushrooms-207915
Naan,https://www.food.com/recipe/naan-16332
Bird's Nest recipe,https://www.food.com/recipe/egg-on-the-birds-nest-13402
Gol Gappay,https://www.food.com/recipe/gol-gappay-123810
Prawns in Dark Sauce,https://www.food.com/recipe/prawns-in-a-dark-sauce-98810
Beef Wonton Samosas,https://www.food.com/recipe/beef-wonton-samosas-97504
Potato and Hard Boiled Egg Curry,https://www.food.com/recipe/potato-and-hard-boiled-egg-curry-92205
Cup tea,https://www.food.com/recipe/my-cuppa-tea-plain-91525
Aloo Bondas,https://www.food.com/recipe/ashers-aloo-bondas-90614
Marinated Lamb Popsicles With Fenugreek Cream Curry,https://www.food.com/recipe/marinated-lamb-popsicles-with-fenugreek-cream-curry-90127
Blushing Strawberry Family Delight,https://www.food.com/recipe/blushing-strawberry-family-delight-9005
Indian Memorabletandoori Prawns,https://www.food.com/recipe/indian-memorabletandoori-prawns-89321
Banana Fruit Salad,https://www.food.com/recipe/banana-fruit-salad-84714
Green Tomato Soup,https://www.food.com/recipe/lous-green-tomato-soup-84584
Cardamom Flavoured Chicken,https://www.food.com/recipe/cardamom-flavoured-chicken-79414
tandoori chicken,https://www.food.com/recipe/tandoori-chicken-77298
South indian Rasam Curry,https://www.food.com/recipe/subru-uncles-delicious-spicy-s-indian-rasam-curry-we-love-77096
Keema I,https://www.food.com/recipe/keema-i-74102
curry powder,https://www.food.com/recipe/curry-powder-73183
Lamb leg and Yogurt,https://www.food.com/recipe/leg-of-lamb-in-a-spicy-yogurt-sauce-67331
Lamb with Spinach (Dilli Ka Saag Gosht),https://www.food.com/recipe/lamb-with-spinach-dilli-ka-saag-gosht-6576
Taste of Heaven - Mushroom and Carrots Biryani,https://www.food.com/recipe/taste-of-heaven-mushroom-and-carrots-biryani-64617
Pol Roti (Coconut Roti/Indian Flatbread),https://www.food.com/recipe/pol-roti-coconut-roti-indian-flatbread-62159
Semolina Halwa,https://www.food.com/recipe/semolina-halwa-57744
Karela (Bitter melon or gourd),https://www.food.com/recipe/karela-bitter-melon-or-gourd-55817
Chicken and Pepper,https://www.food.com/recipe/chicken-and-pepper-521679
Mango Cheese Spread,https://www.food.com/recipe/mango-cheese-spread-49915
Chicken Drumsticks With Indian Spices,https://www.food.com/recipe/chicken-drumsticks-with-indian-spices-485258
Egg Pakora,https://www.food.com/recipe/egg-pakora-483610
Red Lentil and Chicken Soup - Indian Style,https://www.food.com/recipe/red-lentil-and-chicken-soup-indian-style-483043
Lamb Korma Over Rice,https://www.food.com/recipe/lamb-korma-482646
Nimbu Ka Chaval (Saffron Rice With Lime),https://www.food.com/recipe/nimbu-ka-chaval-saffron-rice-with-lime-481886
Lemony Chicken With Fresh Coriander (Madhur Jaffrey),https://www.food.com/recipe/lemony-chicken-with-fresh-coriander-madhur-jaffrey-481278
Easy Peasy Healthy Mango Lassi,https://www.food.com/recipe/easy-peasy-healthy-mango-lassi-478558
Chickpea Curry With Fresh Dill (Rasa Walla Kabuli Chana),https://www.food.com/recipe/chickpea-curry-with-fresh-dill-rasa-walla-kabuli-chana-477173
Indian-Style Shrimp Pizza With Mozzarella,https://www.food.com/recipe/indian-style-shrimp-pizza-with-mozzarella-467545
Indian Potatoes,https://www.food.com/recipe/indian-potatoes-464954
Chana Saag,https://www.food.com/recipe/chana-saag-449140
Spice Kissed Masoor Dal (Split Red Lentils),https://www.food.com/recipe/spice-kissed-masoor-dal-split-red-lentils-448592
Pomegranate Raita,https://www.food.com/recipe/pomegranate-raita-443953
Murgh Pulao (Indian Chicken With Basmati Rice),https://www.food.com/recipe/murgh-pulao-indian-chicken-with-basmati-rice-425239
Chicken Saag,https://www.food.com/recipe/chicken-saag-413735
Indian Yogurt Marinade,https://www.food.com/recipe/indian-yogurt-marinade-410570
Yum Yum Chicken Curry,https://www.food.com/recipe/yum-yum-chicken-curry-402229
Quick and Easy Cinnamon Toast,https://www.food.com/recipe/quick-and-easy-cinnamon-toast-39946
"Eggplant Curry ""no-Fry"" with Coconut",https://www.food.com/recipe/eggplant-curry-no-fry-sri-lankan-style-using-coconut-397626
Indian Green Cabbage,https://www.food.com/recipe/indian-green-cabbage-385605
"Curried Chicken Naan ""taco""",https://www.food.com/recipe/curried-chicken-naan-taco-385384
Spicy Eggplant and Green Bean Curry,https://www.food.com/recipe/spicy-eggplant-and-green-bean-curry-363605
Achingya Thoren (Kerala Style Green Bean Curry),https://www.food.com/recipe/achingya-thoren-kerala-style-green-bean-curry-358585
Chapatis (Indian or Kenyan Wholewheat Flatbread),https://www.food.com/recipe/chapatis-indian-or-kenyan-wholewheat-flatbread-356829
Low Cal Spicy Baked Potatoes,https://www.food.com/recipe/low-cal-spicy-baked-potatoes-35460
Spicy Curried Lentil Stew With Cashew Nuts,https://www.food.com/recipe/spicy-curried-lentil-stew-with-cashew-nuts-353417
Indian Spiced Spinach With Potatoes,https://www.food.com/recipe/indian-spiced-spinach-with-potatoes-350651
Chillies Filled With Potato Masala,https://www.food.com/recipe/chillies-filled-with-potato-masala-344055
Beef Korma,https://www.food.com/recipe/beef-korma-342214
Punjabi Rajma (Kidney Beans),https://www.food.com/recipe/punjabi-rajma-kidney-beans-334391
Curried Red Lentil and Swiss Chard Soup,https://www.food.com/recipe/curried-red-lentil-and-swiss-chard-soup-328040
Jaipur-Style  Mung Dal,https://www.food.com/recipe/jaipur-style-quick-and-easy-mung-dal-327998
Carrot and Coriander Pilaf,https://www.food.com/recipe/carrot-and-coriander-pilaf-322899
Cherokee Indian Curry AAA Steak Sauce,https://www.food.com/recipe/cherokee-indian-curry-aaa-steak-sauce-31976
Indian Cornmeal & Berry Dessert,https://www.food.com/recipe/indian-cornmeal-berry-dessert-310403
Chicken Masala Curry,https://www.food.com/recipe/chicken-masala-curry-309513
Spicy Yam Curry,https://www.food.com/recipe/spicy-yam-curry-304057
Turkey Curry Burgers,https://www.food.com/recipe/turkey-curry-burgers-296528
Chicken Haleem,https://www.food.com/recipe/chicken-haleem-295749
Curried Veggie Samosa,https://www.food.com/recipe/curried-veggie-samosa-289626
Eggplant Curry,https://www.food.com/recipe/eggplant-curry-286492
Indian Hot Onion Relish,https://www.food.com/recipe/indian-hot-onion-relish-28187
Masala Chai,https://www.food.com/recipe/masala-chai-278952
Indian Flat Bread,https://www.food.com/recipe/indian-flat-bread-274537
Masala Chicken,https://www.food.com/recipe/masala-chicken-264890
"Lentils With Noodles, Onions and Tomatoes: Syrian Rishta",https://www.food.com/recipe/lentils-with-noodles-onions-and-tomatoes-syrian-rishta-263490
The Best Beef Vindaloo,https://www.food.com/recipe/the-best-beef-vindaloo-232702
Sri Lankan Pineapple Curry,https://www.food.com/recipe/sri-lankan-pineapple-curry-224377
Lemon Rice,https://www.food.com/recipe/lemon-rice-221732
No-Fry Karela Crispies (Bitter Melon),https://www.food.com/recipe/no-fry-karela-crispies-bitter-melon-216919
Murghi Aur Aloo ( Chicken and Potato Curry),https://www.food.com/recipe/murghi-aur-aloo-chicken-and-potato-curry-210345
Assamee Chicken,https://www.food.com/recipe/assamee-chicken-201405
Hot Chicken Curry,https://www.food.com/recipe/hot-chicken-curry-201336
Chipotle Chickpeas,https://www.food.com/recipe/chipotle-chickpeas-200583
Ceylon Pork Curry,https://www.food.com/recipe/delicious-ceylon-pork-curry-200295
Goan Avocado Salad,https://www.food.com/recipe/goan-avocado-salad-198098
Vegetable Samosa Filling,https://www.food.com/recipe/vegetable-samosa-filling-195139
Chili Yogurt Mushrooms,https://www.food.com/recipe/chili-yogurt-mushrooms-190521
Gulab Jamun,https://www.food.com/recipe/gulab-jamun-184368
Indian-Spiced Roast Salmon,https://www.food.com/recipe/indian-spiced-roast-salmon-181762
"Paneer Jalfrezi (Paneer With Green Peppers, Onions and Tomatoes)",https://www.food.com/recipe/paneer-jalfrezi-paneer-with-green-peppers-onions-and-tomatoes-179836
Thandai (Indian Almond Drink),https://www.food.com/recipe/thandai-indian-almond-drink-176322
Butter Chicken,https://www.food.com/recipe/butter-chicken-174960
Pilau or Pulao (Fragrant Rice),https://www.food.com/recipe/pilau-or-pulao-fragrant-rice-174223
Quick and Easy Raita,https://www.food.com/recipe/quick-and-easy-raita-173725
Aloo Gobi,https://www.food.com/recipe/aloo-gobi-173724
Zucchini Raita,https://www.food.com/recipe/zucchini-raita-167991
Tandoori Dry Rub,https://www.food.com/recipe/tandoori-dry-rub-16231
Curried Peas,https://www.food.com/recipe/curried-peas-160896
Indian Lime Chicken,https://www.food.com/recipe/indian-lime-chicken-149292
Indian Corn Cake,https://www.food.com/recipe/indian-corn-cake-145378
Bengali-Spiced Squash,https://www.food.com/recipe/bengali-spiced-squash-145020
Corn Flakes Chivda (Spicy Indian Snack Mix),https://www.food.com/recipe/corn-flakes-chivda-spicy-indian-snack-mix-144190
Bhindi Bhaji (Fried Stuffed Okra),https://www.food.com/recipe/bhindi-bhaji-fried-stuffed-okra-137333
Chicken Tikka With Cucumber Raita,https://www.food.com/recipe/chicken-tikka-with-cucumber-raita-136558
Coconut Chicken Curry,https://www.food.com/recipe/coconut-chicken-curry-135555
Shrikhand,https://www.food.com/recipe/shrikhand-133794
Indian-Spiced Stuffed Cauliflower,https://www.food.com/recipe/indian-spiced-stuffed-cauliflower-133109
Indian Potato Pancakes,https://www.food.com/recipe/indian-potato-pancakes-132374
Carrot Salad With Black Mustard Seeds,https://www.food.com/recipe/carrot-salad-with-black-mustard-seeds-131651
Rice With Julienned Potatoes,https://www.food.com/recipe/rice-with-julienned-potatoes-131149
Indian Cumin Potatoes (  Jeera Aloo ),https://www.food.com/recipe/indian-cumin-potatoes-jeera-aloo-125970
Indian Sweet Saffron Rice,https://www.food.com/recipe/indian-sweet-saffron-rice-with-raisins-and-pistachios-125149
Lentil Dhal With Roasted Garlic,https://www.food.com/recipe/lentil-dhal-with-roasted-garlic-124316
Aloo Channa Chaat (Tangy Potato Chickpea Snack),https://www.food.com/recipe/aloo-channa-chaat-tangy-potato-chickpea-snack-121493
Falooda,https://www.food.com/recipe/falooda-easy-and-delicious-120560
Spicy Mutton Curry,https://www.food.com/recipe/spicy-mutton-curry-119515
"Brinjal Eggplant (Aubergine)  Pickle (Goa, India)",https://www.food.com/recipe/brinjal-eggplant-aubergine-pickle-goa-india-115529
Spicy Tamil Chicken,https://www.food.com/recipe/spicy-tamil-chicken-110899
Creamy Cashew and Vegetable Korma,https://www.food.com/recipe/creamy-cashew-and-vegetable-korma-109975
Fried Boiled Eggs,https://www.food.com/recipe/fried-boiled-eggs-104664
Batata Vada,https://www.food.com/recipe/batata-vada-potato-balls-in-a-gram-flour-crust-103969
Kerala Lamb Curry,https://www.food.com/recipe/kerala-lamb-curry-103607
Spiced Cabbage and Coconut,https://www.food.com/recipe/spiced-cabbage-and-coconut-103282
Butter Chicken,https://www.food.com/recipe/butter-chicken-8974
Cauliflower Coconut Curry,https://www.food.com/recipe/cauliflower-coconut-curry-413534
Hot Hot Crab Curry,https://www.food.com/recipe/hot-hot-crab-curry-35454
Spicy Indian Potato Wedges,https://www.food.com/recipe/spicy-indian-potato-wedges-274289
Lentil and Rhubarb Curry With Potatoes and Peas,https://www.food.com/recipe/lentil-and-rhubarb-curry-with-potatoes-and-peas-264566
Wonderful Veggie Curry,https://www.food.com/recipe/wonderful-veggie-curry-209957
Cauliflower Curry With Chicken,https://www.food.com/recipe/cauliflower-curry-with-chicken-194444
Cashew Chicken Curry,https://www.food.com/recipe/delicious-cashew-chicken-curry-153451
Reshmi Kebab,https://www.food.com/recipe/reshmi-kebab-136570
Whole Tandoori Chicken,https://www.food.com/recipe/whole-tandoori-chicken-124380
Punjabi Lamb,https://www.food.com/recipe/punjabi-lamb-in-spinach-and-tomatoes-100611
Chai (Indian Tea),https://www.food.com/recipe/chai-indian-tea-100165
Mango Raita,https://www.food.com/recipe/mango-raita-9827
Masala Chicken,https://www.food.com/recipe/masala-chicken-97326
Madras Curry (Vegan or Chicken),https://www.food.com/recipe/madras-curry-vegan-or-chicken-91622
Muslim Naan,https://www.food.com/recipe/muslim-naan-9149
Mango Cream,https://www.food.com/recipe/mango-cream-91155
Indian Ginger Mutton Karahi,https://www.food.com/recipe/sinfully-delicious-indian-ginger-mutton-karahi-91050
Spiced Onion Dahl,https://www.food.com/recipe/spiced-onion-dahl-88779
Sticky Garlic Curry Chicken,https://www.food.com/recipe/sticky-garlic-curry-chicken-88337
Corn & Spinach rice,https://www.food.com/recipe/corn-spinach-rice-86744
Okra,https://www.food.com/recipe/okra-my-style-84627
Spinach Pakora (fritters),https://www.food.com/recipe/spinach-pakora-fritters-84364
Lamb Curry,https://www.food.com/recipe/lamb-curry-78746
Tandoori Salmon Fillets with Mango Mint Relish,https://www.food.com/recipe/tandoori-salmon-fillets-with-mango-mint-relish-76999
Spiced Cauliflower,https://www.food.com/recipe/spiced-cauliflower-76770
Cinnamon-Orange Butter,https://www.food.com/recipe/cinnamon-orange-butter-72360
Garam Masala recipe,https://www.food.com/recipe/moms-teachers-garam-masala-recipe-57548
Spicy Potato with Kasoori Methi Raita,https://www.food.com/recipe/my-favourite-spicy-potato-and-kasoori-methi-raita-57441
Ghee,https://www.food.com/recipe/how-to-prepare-ghee-55434
Bombay Beef & Cauliflower,https://www.food.com/recipe/bombay-beef-cauliflower-54020
Tasty Toast-Egg Sandwich,https://www.food.com/recipe/tasty-toast-egg-sandwich-51811
Indian Pudding (Microwave),https://www.food.com/recipe/indian-pudding-microwave-51013
Chana (Chickpeas) Chaat,https://www.food.com/recipe/chana-chickpeas-chaat-50462
Indian Spiced Shrimp,https://www.food.com/recipe/indian-spiced-shrimp-499214
Dal Nirvana & Naan,https://www.food.com/recipe/dal-nirvana-naan-493936
Southern (?!) Chicken Curry,https://www.food.com/recipe/southern-chicken-curry-487395
Tomato and Chicken Rogan Josh Curry (Pressure Cooker),https://www.food.com/recipe/tomato-and-chicken-rogan-josh-curry-pressure-cooker-485295
Green Peas Masala,https://www.food.com/recipe/green-peas-masala-485225
Indian-Spiced Kale & Chickpeas,https://www.food.com/recipe/indian-spiced-kale-chickpeas-485202
Indian Spiced String Beans,https://www.food.com/recipe/marthas-indian-spiced-string-beans-485179
Raita (Yogurt-Dill Sauce),https://www.food.com/recipe/raita-yogurt-dill-sauce-485123
Saffron Mango Mousse,https://www.food.com/recipe/saffron-mango-mousse-485114
Cauliflower Curry,https://www.food.com/recipe/cauliflower-curry-485109
Indian Cold Coffee,https://www.food.com/recipe/indian-cold-coffee-484941
Indian- Tomato Kachambur,https://www.food.com/recipe/indian-tomato-kachambur-484922
Chicken Pulao With Lemon and Onion,https://www.food.com/recipe/chicken-pulao-with-lemon-and-onion-484481
Bombay Spiced Cashews,https://www.food.com/recipe/bombay-spiced-cashews-483504
Tandoori Chicken Wings,https://www.food.com/recipe/tandoori-chicken-wings-483046
Kharbhooja Sharbat,https://www.food.com/recipe/kharbhooja-sharbat-483015
Vegetarian Biryani,https://www.food.com/recipe/vegetarian-biryani-482984
Ginger Lemonade Sekanji,https://www.food.com/recipe/ginger-lemonade-sekanji-482970
Taj Maholla! Chicken,https://www.food.com/recipe/taj-maholla-chicken-482900
Jhat Phat Sabzi (Bell Pepper Paneer),https://www.food.com/recipe/jhat-phat-sabzi-bell-pepper-paneer-482753
Roasted Potatoes (Sukhi Bhaji),https://www.food.com/recipe/roasted-potatoes-sukhi-bhaji-482740
Ghee (Usli Ghee),https://www.food.com/recipe/ghee-usli-ghee-482648
Spicy Chickpea Samosas With Raita,https://www.food.com/recipe/spicy-chickpea-samosas-with-raita-482642
Red Curry Pork With Peppers,https://www.food.com/recipe/red-curry-pork-with-peppers-482339
Quick Chicken and Shrimp Curry (Make-Ahead Option),https://www.food.com/recipe/quick-chicken-and-shrimp-curry-make-ahead-option-482146
Murgh Makhani (Indian Butter Chicken),https://www.food.com/recipe/murgh-makhani-indian-butter-chicken-482126
Minty Indian Zucchini (Tabbakh Ruhu),https://www.food.com/recipe/minty-indian-zucchini-tabbakh-ruhu-482037
Bengali Potatoes,https://www.food.com/recipe/bengali-potatoes-481978
Garam Masala Spice Blend,https://www.food.com/recipe/garam-masala-spice-blend-481925
Chocolate Chai,https://www.food.com/recipe/chocolate-chai-47885
Spiced Lemon Rice,https://www.food.com/recipe/spiced-lemon-rice-478465
Salmon Tikka,https://www.food.com/recipe/salmon-tikka-469684
Naan (Indian Flatbread),https://www.food.com/recipe/naan-indian-flatbread-456790
Prawn and Pumpkin Coconut Milk Curry - Konju Pulungari,https://www.food.com/recipe/prawn-and-pumpkin-coconut-milk-curry-konju-pulungari-453952
Saag (Indian Spinach),https://www.food.com/recipe/saag-indian-spinach-452971
Savory Curried Rice With Dried Fruit,https://www.food.com/recipe/savory-curried-rice-with-dried-fruit-449229
Indian Spiced Fish With Coriander Rice,https://www.food.com/recipe/indian-spiced-fish-with-coriander-rice-449122
Simple Sag Aloo (Indian Potato and Spinach),https://www.food.com/recipe/simple-sag-aloo-indian-potato-and-spinach-444459
Egg Curry,https://www.food.com/recipe/egg-curry-44342
Tomato and Coriander Soup,https://www.food.com/recipe/tomato-and-coriander-soup-440915
Puri,https://www.food.com/recipe/delicious-homemade-puri-44025
The Best Butter Chicken,https://www.food.com/recipe/the-best-butter-chicken-428826
Paneer ( Indian Cottage Cheese),https://www.food.com/recipe/paneer-indian-cottage-cheese-425229
Aromatic Beef Kofti,https://www.food.com/recipe/aromatic-beef-kofti-425078
10 Second Mango Yogurt Smoothie,https://www.food.com/recipe/10-second-mango-yogurt-smoothie-423880
Chicken Kundou,https://www.food.com/recipe/chicken-kundou-kashmiri-style-chicken-423599
Onion Paratha,https://www.food.com/recipe/kandhe-ki-roti-mummys-favourite-onion-paratha-421904
Curry Chicken,https://www.food.com/recipe/curry-chicken-416665
Cumin and Saffron Rice,https://www.food.com/recipe/cumin-and-saffron-rice-415229
Bombay Popcorn,https://www.food.com/recipe/bombay-popcorn-398105
Curry Stuffed Eggs,https://www.food.com/recipe/curry-stuffed-eggs-396644
Vegan Worcestershire Sauce,https://www.food.com/recipe/vegan-worcestershire-sauce-394975
Fragrant Beef Curry,https://www.food.com/recipe/fragrant-beef-curry-389076
Naan  (No-Knead),https://www.food.com/recipe/naan-no-knead-387678
Chennai Chicken Curry,https://www.food.com/recipe/chennai-chicken-curry-382616
Saag Paneer (Panir) - Indian Spinach and Cheese,https://www.food.com/recipe/saag-paneer-panir-indian-spinach-and-cheese-380617
chicken golden saffron rice,https://www.food.com/recipe/golden-saffron-and-cardamom-spiced-chicken-rice-pilau-380409
Curried Eggplant in Tomato Sauce,https://www.food.com/recipe/curried-eggplant-in-tomato-sauce-380241
Indian Beef Stew,https://www.food.com/recipe/indian-beef-stew-371870
Aloo Rasdar,https://www.food.com/recipe/aloo-rasdar-indian-potato-in-gravy-ala-rukshana-366604
Indian Chicken Curry,https://www.food.com/recipe/indian-chicken-curry-362728
Curried Lentil Soup,https://www.food.com/recipe/curried-lentil-soup-361854
Ww Friendly Mint-Infused Darjeeling Tea,https://www.food.com/recipe/ww-friendly-mint-infused-darjeeling-tea-361097
Asparagus With Curry Butter,https://www.food.com/recipe/asparagus-with-curry-butter-359975
Short-Cut Vegetable Biryani,https://www.food.com/recipe/short-cut-vegetable-biryani-358480
Potato fried in garlic,https://www.food.com/recipe/potato-fried-in-garlic-chauke-aaloo-35799
Sesame Ginger Milk,https://www.food.com/recipe/sesame-ginger-milk-357366
Poached Eggs With Slow Cooked Spicy Lentils,https://www.food.com/recipe/poached-eggs-with-slow-cooked-spicy-lentils-331955
Indian Tea,https://www.food.com/recipe/indian-tea-330865
A Plaything for Your Tongue,https://www.food.com/recipe/a-plaything-for-your-tongue-32459
Chicken Jalfrezi,https://www.food.com/recipe/chicken-jalfrezi-323941
Butter Chickpea Curry,https://www.food.com/recipe/butter-chickpea-curry-318607
Indian-Style Rice Salad,https://www.food.com/recipe/indian-style-rice-salad-317780
Chicken Biryani,https://www.food.com/recipe/chicken-biryani-316697
Fragrant Rice Pudding With Pistachios (Kheerni),https://www.food.com/recipe/fragrant-rice-pudding-with-pistachios-kheerni-310499
American Indian Sunflower Seed Cakes,https://www.food.com/recipe/american-indian-sunflower-seed-cakes-310404
Rajma (Indian Red Kidney Bean Curry),https://www.food.com/recipe/rajma-indian-red-kidney-bean-curry-308734
Sonth Panak ( Ginger Tingler),https://www.food.com/recipe/sonth-panak-ginger-tingler-307476
Silken Chicken,https://www.food.com/recipe/silken-chicken-306155
Indian Spiced Tomato Salsa,https://www.food.com/recipe/indian-spiced-tomato-salsa-303781
Saag Khumb (Spinach and Mushrooms),https://www.food.com/recipe/saag-khumb-spinach-and-mushrooms-303706
Paneer With Scallions and Tomatoes (Mulayam Paneer Bhurjee),https://www.food.com/recipe/paneer-with-scallions-and-tomatoes-mulayam-paneer-bhurjee-302414
Curried Chicken Livers,https://www.food.com/recipe/curried-chicken-livers-302345
Hearty Curried Chicken Bowl,https://www.food.com/recipe/hearty-curried-chicken-bowl-301021
Indian Curry Sauce (Makhani),https://www.food.com/recipe/the-perfect-n-easy-indian-curry-sauce-makhani-297177
Peshawari Naan Bread (Bread Machine),https://www.food.com/recipe/peshawari-naan-bread-bread-machine-294013
Apple & Mango Curried Chicken Salad,https://www.food.com/recipe/apple-mango-curried-chicken-salad-293689
Ghurka Chicken Cardamom Curry - Kukhra Alainchi Sanga,https://www.food.com/recipe/ghurka-chicken-cardamom-curry-kukhra-alainchi-sanga-290007
California Style Indian Fry Bread Tacos,https://www.food.com/recipe/california-style-indian-fry-bread-tacos-285594
Kalonji Chicken,https://www.food.com/recipe/kalonji-chicken-vijs-285528
Saagwalla Dhal,https://www.food.com/recipe/saagwalla-dhal-285275
Curried Split Pea Soup,https://www.food.com/recipe/curried-split-pea-soup-282654
Red Lentil Dhal With Crisp Parsnips,https://www.food.com/recipe/red-lentil-dhal-with-crisp-parsnips-281453
potato and Bean Bhaji,https://www.food.com/recipe/mrs-mms-potato-and-bean-bhaji-278250
Lucky Lentils,https://www.food.com/recipe/lucky-lentils-266087
Indian Buttermilk Lassi With Cardamom,https://www.food.com/recipe/indian-buttermilk-lassi-with-cardamom-264748
Spiced  Ruby and Emerald Indian Pepper Relish - Chutney,https://www.food.com/recipe/spiced-ruby-and-emerald-indian-pepper-relish-chutney-254269
X-Traordinarily Easy Chicken Curry,https://www.food.com/recipe/x-traordinarily-easy-chicken-curry-251195
South Indian Cabbage and Carrot,https://www.food.com/recipe/south-indian-cabbage-and-carrot-239800
Karahi Chicken,https://www.food.com/recipe/karahi-chicken-238096
West Indian Sweet Potato Soup,https://www.food.com/recipe/west-indian-sweet-potato-soup-232523
Balti Butter Chicken,https://www.food.com/recipe/balti-butter-chicken-229230
Pork and Apricot Curry,https://www.food.com/recipe/pork-and-apricot-curry-228913
Bulgur and Pumpkin Pilaf,https://www.food.com/recipe/bulgur-and-pumpkin-pilaf-228530
Golden Split Pea Soup,https://www.food.com/recipe/golden-split-pea-soup-228308
"Cauliflower With Toasted Cumin, Paprika & Caper Vinaigrette",https://www.food.com/recipe/cauliflower-with-toasted-cumin-paprika-caper-vinaigrette-228014
Sweet Chickpea Curry,https://www.food.com/recipe/sweet-chickpea-curry-218447
Indian Pudding Cake With Molasses Cream,https://www.food.com/recipe/indian-pudding-cake-with-molasses-cream-215325
Spiced Golden Soup,https://www.food.com/recipe/spiced-golden-soup-212735
Perfect Pilaf Rice,https://www.food.com/recipe/perfect-pilaf-rice-20472
Rogan Josh (2),https://www.food.com/recipe/rogan-josh-2-204470
Indian Lentil Soup,https://www.food.com/recipe/indian-lentil-soup-203821
Tarka Dhall,https://www.food.com/recipe/tarka-dhall-201389
Spiced Basmati,https://www.food.com/recipe/spiced-basmati-195058
Indian Spicy Scrambled Eggs,https://www.food.com/recipe/indian-spicy-scrambled-eggs-187399
Traditional Chapatis,https://www.food.com/recipe/traditional-chapatis-185458
Cinnamon Basmati Rice,https://www.food.com/recipe/cinnamon-basmati-rice-181757
Tandoori-Style Chicken,https://www.food.com/recipe/tandoori-style-chicken-173291
Mango Lassi,https://www.food.com/recipe/olivers-mango-lassi-169404
Tamarind Sharbat,https://www.food.com/recipe/tamarind-sharbat-16915
Beet Koshumbir - Beet Salad with yogurt,https://www.food.com/recipe/beet-koshumbir-beet-salad-with-yogurt-16564
Beef Rogan Josh,https://www.food.com/recipe/beef-rogan-josh-157174
Nutmeg and ginger Tea,https://www.food.com/recipe/nutmeg-and-ginger-tea-15491
Eggplant and Dhal Curry With Basmati Rice,https://www.food.com/recipe/eggplant-and-dhal-curry-with-basmati-rice-152287
Vegetable Pakora,https://www.food.com/recipe/vegetable-pakora-146194
Vegetable Biryani,https://www.food.com/recipe/vegetable-biryani-145711
Indian Spiced Fish,https://www.food.com/recipe/indian-spiced-fish-137522
Indian Chicken Vindaloo,https://www.food.com/recipe/chicken-vindaloo-136734
Pulao,https://www.food.com/recipe/pulao-135279
Onion Bhaji,https://www.food.com/recipe/onion-bhaji-127230
Gold Rice with Chicken and Pistachio,https://www.food.com/recipe/gold-rice-with-chicken-and-pistachio-12669
Cumin Scented Chicken,https://www.food.com/recipe/cumin-scented-chicken-126583
Spicy Indian Cornbread,https://www.food.com/recipe/indian-cornbread-125510
Low Fat Kofta Curry,https://www.food.com/recipe/low-fat-kofta-curry-123080
Spicy Chicken Thick Gravy,https://www.food.com/recipe/spicy-chicken-thick-gravy-119514
Lemon Ginger Coriander Chicken Kebabs,https://www.food.com/recipe/lemon-ginger-coriander-chicken-kebabs-116332
Aloo (Potato) Pakora,https://www.food.com/recipe/aloo-potato-pakora-110215
Cumin (Jeera) Rice,https://www.food.com/recipe/charishmas-delicious-cumin-jeera-rice-107522
Bhatura,https://www.food.com/recipe/bhatura-107130
Egg Curry,https://www.food.com/recipe/delhi-style-egg-curry-106229
Aloo Dum,https://www.food.com/recipe/aloo-dum-105886
Daikon Radish Stuffed Flatbread/Mooli Paratha,https://www.food.com/recipe/daikon-radish-stuffed-flatbread-mooli-paratha-105155
Baigan Bhartha (Eggplant /Aubergine),https://www.food.com/recipe/baigan-bhartha-eggplant-aubergine-91129
Indian Cabbage and Carrots,https://www.food.com/recipe/indian-cabbage-and-carrots-84445
East Indian Chicken,https://www.food.com/recipe/east-indian-chicken-7733
"Chocolate Chocolate, Baby!",https://www.food.com/recipe/chocolate-chocolate-baby-62896
Chicken Curry With Coconut Milk,https://www.food.com/recipe/chicken-curry-with-coconut-milk-483141
Restaurant-Style Onion Chutney,https://www.food.com/recipe/restaurant-style-onion-chutney-481888
Low Calorie Tandoori Inspired Chicken,https://www.food.com/recipe/low-calorie-tandoori-inspired-chicken-473419
East Indian Vegetable Samosa Pastries,https://www.food.com/recipe/east-indian-vegetable-samosa-pastries-408752
Raw Banana Curry,https://www.food.com/recipe/raw-banana-curry-39397
Curried Lentils,https://www.food.com/recipe/curried-lentils-354632
Baked Rice Pudding,https://www.food.com/recipe/baked-rice-pudding-314967
"Eggplant, Tomato and Green Onion Curry",https://www.food.com/recipe/eggplant-tomato-and-green-onion-curry-253219
Beef Curry for Crock Pot,https://www.food.com/recipe/beef-curry-for-crock-pot-249732
Indian Lentil Pilaf,https://www.food.com/recipe/indian-lentil-pilaf-222913
Fried Karela Chips (Bitter Gourd),https://www.food.com/recipe/fried-karela-chips-bitter-gourd-221437
Badam Pasanda,https://www.food.com/recipe/badam-pasanda-207087
Indian Corn,https://www.food.com/recipe/indian-corn-206394
Chettinad Curry Eggs,https://www.food.com/recipe/chettinad-curry-eggs-201388
You Must Be (Tandoori) Nuts!,https://www.food.com/recipe/you-must-be-tandoori-nuts-168409
Masala Winter Squash,https://www.food.com/recipe/masala-winter-squash-161788
Dal With Spiced Tomatoes and Potatoes,https://www.food.com/recipe/dal-with-spiced-tomatoes-and-potatoes-149549
Indian Style Omelet,https://www.food.com/recipe/indian-style-omelet-my-moms-version-115599
Chicken Dopiaza,https://www.food.com/recipe/chicken-dopiaza-113070
Indian Cornbread ( Makai Ki Roti),https://www.food.com/recipe/indian-cornbread-makai-ki-roti-102689
Crispy Golden Fingers,https://www.food.com/recipe/shalini-sardas-crispy-golden-fingers-62330
Pinabana,https://www.food.com/recipe/pinabana-a-tropical-delight-95401
Indian Fish Biryani,https://www.food.com/recipe/exceptionally-savoury-and-delicious-indian-fish-biryani-93361
Carrot Halwa,https://www.food.com/recipe/carrot-halwa-9309
Waikiki Chicken with Pineapple,https://www.food.com/recipe/waikiki-chicken-with-pineapple-9196
"Yogurt, Cucumber and Mint Green Salad",https://www.food.com/recipe/yogurt-cucumber-and-mint-green-salad-88264
Fish steamed in Banana leaves,https://www.food.com/recipe/fish-steamed-in-banana-leaves-84710
Omapodi,https://www.food.com/recipe/unbelievably-good-homemade-omapodi-or-sev-75760
Mild Curry Powder,https://www.food.com/recipe/mild-curry-powder-75274
Potato Toast,https://www.food.com/recipe/potato-toast-75227
Chicken Lollipops,https://www.food.com/recipe/chicken-lollipops-73426
Grilled Prawns Italiano,https://www.food.com/recipe/grilled-prawns-italiano-73185
Vegetable Vermicelli Upuma,https://www.food.com/recipe/vegetable-vermicelli-upuma-70946
Mushroom Omelette,https://www.food.com/recipe/mushroom-omelette-67124
Chicken Tikka !,https://www.food.com/recipe/chicken-tikka-62335
Dhaba Style Aloo Paratha,https://www.food.com/recipe/dhaba-style-aloo-paratha-525788
Slow Cooker Chana Masala,https://www.food.com/recipe/slow-cooker-chana-masala-525787
Curried Chicken Moghlai,https://www.food.com/recipe/curried-chicken-moghlai-516283
Prawns in Green Spice Paste (Hara Masala),https://www.food.com/recipe/prawns-in-green-spice-paste-hara-masala-515345
Whole Wheat Bread With Ginger & Cashews for ABM,https://www.food.com/recipe/whole-wheat-bread-with-ginger-cashews-for-abm-510764
Chapatis,https://www.food.com/recipe/chapatis-50967
Curried Chicken With Lentils,https://www.food.com/recipe/curried-chicken-with-lentils-509029
Possibly the Easiest Shrimp Curry Ever!,https://www.food.com/recipe/possibly-the-easiest-shrimp-curry-ever-508581
Curried Garbanzo Beans (Chickpeas),https://www.food.com/recipe/curried-garbanzo-beans-chickpeas-501722
Indian-Style Beef Curry With Coconut Milk,https://www.food.com/recipe/indian-style-beef-curry-with-coconut-milk-497927
Lentil Cookies,https://www.food.com/recipe/bals-lentil-cookies-493542
Red Lentil  Classical Ayurveda Dhal,https://www.food.com/recipe/red-lentil-classical-ayurveda-dhal-489076
Kheema Matar,https://www.food.com/recipe/kheema-matar-488848
"Chicken, Walnut and Red Grape Salad With Curry Dressing",https://www.food.com/recipe/chicken-walnut-and-red-grape-salad-with-curry-dressing-488743
Curried Potatoes,https://www.food.com/recipe/curried-potatoes-488269
Paneer Tikka Masala,https://www.food.com/recipe/paneer-tikka-masala-486732
Roasted Asparagus Masala,https://www.food.com/recipe/roasted-asparagus-masala-485235
Mango Lassi Smoothie,https://www.food.com/recipe/mango-lassi-smoothie-485200
Butternut Squash Basmati Rice,https://www.food.com/recipe/butternut-squash-basmati-rice-485199
Aloo Baingan Sabzi,https://www.food.com/recipe/aloo-baingan-sabzi-485171
Roghan Ghosht,https://www.food.com/recipe/roghan-ghosht-485092
Macaroni With Spinach Sauce,https://www.food.com/recipe/macaroni-with-spinach-sauce-485001
Cantaloupe Milkshakes,https://www.food.com/recipe/cantaloupe-milkshakes-485000
Kashmiri Chicken,https://www.food.com/recipe/kashmiri-chicken-484955
Shallow Fried Eggplant With Tomato Chutney,https://www.food.com/recipe/shallow-fried-eggplant-with-tomato-chutney-484934
Indian - Pilau Rice,https://www.food.com/recipe/indian-pilau-rice-484921
Kheema With Potatoes and Peas,https://www.food.com/recipe/kheema-with-potatoes-and-peas-484584
Indian-Spiced Chicken Patties With Cucumber Raita,https://www.food.com/recipe/indian-spiced-chicken-patties-with-cucumber-raita-484578
Curried Carrots and Pineapple,https://www.food.com/recipe/curried-carrots-and-pineapple-484537
Hot Indian Baked Potatoes,https://www.food.com/recipe/hot-indian-baked-potatoes-484517
Bombay Rice and Peas,https://www.food.com/recipe/bombay-rice-and-peas-484303
Aviyal - Indian Mixed Vegetable Stew,https://www.food.com/recipe/aviyal-indian-mixed-vegetable-stew-483960
Oven Fried Lentil Balls,https://www.food.com/recipe/oven-fried-lentil-balls-483595
hummus tomato,https://www.food.com/recipe/hummus-w-a-tomato-twissis-twist-my-invention-zwt-8-india-483527
Quick Curried Chutney Chicken Salad,https://www.food.com/recipe/quick-curried-chutney-chicken-salad-483503
Curried Chick-Peas ( Chana Dal),https://www.food.com/recipe/curried-chick-peas-chana-dal-483131
Indian Stuffed Peppers,https://www.food.com/recipe/indian-stuffed-peppers-483073
Chicken With Cilantro and Almonds,https://www.food.com/recipe/chicken-with-cilantro-and-almonds-483062
Aloo Poshto ( Potatoes Recipe),https://www.food.com/recipe/aloo-poshto-potatoes-recipe-483054
Rice and Lentil Pilaf - Indian Style,https://www.food.com/recipe/rice-and-lentil-pilaf-indian-style-483044
Nimbu Pani (Lemonade),https://www.food.com/recipe/nimbu-pani-lemonade-483041
Shrimp and Bamboo Shoot Curry,https://www.food.com/recipe/shrimp-and-bamboo-shoot-curry-483012
Dry and Spicy Curry,https://www.food.com/recipe/dry-and-spicy-curry-483011
Chile-Coriander Chicken,https://www.food.com/recipe/bademiyas-justly-famous-chile-coriander-chicken-482997
Southern Indian Rice and Seafood Soup,https://www.food.com/recipe/southern-indian-rice-and-seafood-soup-482986
Scrambled Eggs With Coriander and Ginger (Ekuri Parsri),https://www.food.com/recipe/scrambled-eggs-with-coriander-and-ginger-ekuri-parsri-482963
Bollywood Basmati,https://www.food.com/recipe/bollywood-basmati-482903
Bengali Spinach,https://www.food.com/recipe/bengali-spinach-482876
Bombay-Style Curried Eggs,https://www.food.com/recipe/bombay-style-curried-eggs-482792
Curried Cauliflower and Potatoes (Aloo Gobi),https://www.food.com/recipe/curried-cauliflower-and-potatoes-aloo-gobi-482780
Almond Pudding,https://www.food.com/recipe/almond-pudding-482653
Sweet Tomato Chutney,https://www.food.com/recipe/sweet-tomato-chutney-482649
Curried Red Kidney Beans and Cauliflower (Rajma Masala),https://www.food.com/recipe/curried-red-kidney-beans-and-cauliflower-rajma-masala-482631
Easy Chicken Kebabs,https://www.food.com/recipe/easy-chicken-kebabs-482178
Afghan - Style Chicken (Murgh),https://www.food.com/recipe/afghan-style-chicken-murgh-482020
Indian Banana Lassi Shake,https://www.food.com/recipe/indian-banana-lassi-shake-481972
Madras Egg Curry,https://www.food.com/recipe/madras-egg-curry-481968
Exotic Indian Tangy Rice,https://www.food.com/recipe/exotic-indian-tangy-rice-481926
Indian Cheese With Spinach,https://www.food.com/recipe/jaffreys-homemade-indian-cheese-with-spinach-481923
Lentil Sweet Potato Coconut Curry,https://www.food.com/recipe/lentil-sweet-potato-coconut-curry-481246
Quinoa Salad With Mangoes and Curry Dressing,https://www.food.com/recipe/quinoa-salad-with-mangoes-and-curry-dressing-480092
Curry Potato Lentil Soup,https://www.food.com/recipe/curry-potato-lentil-soup-478411
Anglo-Indian Beef (Or Lamb) Stir-Fry,https://www.food.com/recipe/anglo-indian-beef-or-lamb-stir-fry-477674
Aarsis Ultimate Valentine Cake,https://www.food.com/recipe/aarsi-rsquo-s-ultimate-valentine-cake-476849
Red Lentil Salad,https://www.food.com/recipe/red-lentil-salad-476750
Chicken in Fried Onion Sauce,https://www.food.com/recipe/chicken-in-a-fried-onion-sauce-475381
Indian Pork Vindaloo,https://www.food.com/recipe/indian-pork-vindaloo-475173
Beef Madras Curry,https://www.food.com/recipe/beef-madras-curry-475169
Spicy Goan Shrimp Curry With Eggplant,https://www.food.com/recipe/spicy-goan-shrimp-curry-with-eggplant-473870
"Lentil, Pea and Potato Curry",https://www.food.com/recipe/lentil-pea-and-potato-curry-473220
Tandoori Marinade,https://www.food.com/recipe/tandoori-marinade-472366
Oranges And Lemons Pick-Me-Up!,https://www.food.com/recipe/oranges-and-lemons-pick-me-up-47219
Beef Curry,https://www.food.com/recipe/yummy-beef-curry-471354
Indian-Inspired Chicken With Raita,https://www.food.com/recipe/indian-inspired-chicken-with-raita-466401
Easy Beef Curry,https://www.food.com/recipe/easy-beef-curry-466336
Cooked Chickpeas or Garbanzos (Slow-Cooker),https://www.food.com/recipe/cooked-chickpeas-or-garbanzos-slow-cooker-466329
Pork Vindaloo,https://www.food.com/recipe/pork-vindaloo-465769
Split Pea and Sweet Potato Soup,https://www.food.com/recipe/split-pea-and-sweet-potato-soup-465062
Stewed Chickpeas,https://www.food.com/recipe/stewed-chickpeas-459672
Bengali Chingri Malai Curry (Shrimp Milk Curry),https://www.food.com/recipe/bengali-chingri-malai-curry-shrimp-milk-curry-458719
Korma Paste (Jamie Oliver),https://www.food.com/recipe/korma-paste-jamie-oliver-458198
Chickpea and Vegetable Curry,https://www.food.com/recipe/chickpea-and-vegetable-curry-457445
Tandoori Mushrooms,https://www.food.com/recipe/tandoori-mushrooms-456188
"Indian Curry With Potatoes, Chicken, and Eggplant",https://www.food.com/recipe/indian-curry-with-potatoes-chicken-and-eggplant-454945
Chicken Cauliflower Curry,https://www.food.com/recipe/chicken-cauliflower-curry-454935
Sooji Halwa,https://www.food.com/recipe/aarsi-rsquo-s-ultimate-sooji-halwa-452907
"Panch Phoron, Bengali Five-Spice",https://www.food.com/recipe/panch-phoron-bengali-five-spice-445590
ROTI  (Unleavened Baked Vegetable Bread),https://www.food.com/recipe/roti-2000-unleavened-baked-vegetable-bread-44386
Indian Pork Chops & Rice,https://www.food.com/recipe/moms-indian-pork-chops-rice-439642
Cauliflower Red Lentil & Ginger Soup,https://www.food.com/recipe/cauliflower-red-lentil-ginger-soup-438302
Naan Bread,https://www.food.com/recipe/naan-bread-437741
Cauliflower-Potato Curry,https://www.food.com/recipe/cauliflower-curry-437690
Blackberry Lassi,https://www.food.com/recipe/blackberry-lassi-430389
Balti Chicken Pasanda,https://www.food.com/recipe/balti-chicken-pasanda-425288
Curried Corn,https://www.food.com/recipe/curried-corn-425279
Potatoes With Fresh Curry Leaves (Bhaji),https://www.food.com/recipe/potatoes-with-fresh-curry-leaves-bhaji-425084
Kofta Korma,https://www.food.com/recipe/kofta-korma-424359
Tandoori Chicken Thighs II,https://www.food.com/recipe/tandoori-chicken-thighs-ii-420852
Sprouted Mung Bean Salad (Moong Salaad),https://www.food.com/recipe/sprouted-mung-bean-salad-moong-salaad-420424
Vegetable  Stew  from  Northern  India,https://www.food.com/recipe/vegetable-stew-from-northern-india-420313
Beef Rendang,https://www.food.com/recipe/beef-rendang-41645
Masala Chai Powder,https://www.food.com/recipe/masala-chai-powder-415219
Chicken Tikka Masala,https://www.food.com/recipe/chicken-tikka-masala-413246
Indian-Spiced Sweet Potato Steak Fries,https://www.food.com/recipe/indian-spiced-sweet-potato-steak-fries-403081
